Old_ID,New_ID,_long_description,provider_id
919,919,21 New Street - 21 New Street  Durbanville,477
452,452,2INSPIRE SKILLS TRAINING - 13 Wittebomen Road Constantia,238
453,453,"AAA School of Advertising (Pty) Ltd - 4th Floor Manhattan Place, 130 Bree Street, Cape Town, 8001",738
454,454,"Abbotsdale - Bambinos Creche, Kerkstraat, Abbotsdale",339
456,456,"Academy for Construction Skills (Pty) Ltd (ACS) - 5 Park Street, Cape Town, Western Cape 7550",149
457,457,Academy of Guilds ''design in the making'' - 443 Main Road Observatory CapeTown Western Cape 7701,435
458,458,Academy of People Development Primary Co-operative Limited - 19 Loop Street   Barr Streek Building Cape Town 8001,168
460,460,"ADT SECURITY SERVICES PTY LTD CAPE TOWN - ADT House, 5 Louwtjie Rothman Avenue, N1 City, Goodwood 7463",516
461,461,ADVENTURE QUALIFICATIONS NETWORK cc - 1 Riverine Road  Parklands,766
464,461,ADVENTURE QUALIFICATIONS NETWORK cc - 1 Riverine Road  Parklands,766
463,461,ADVENTURE QUALIFICATIONS NETWORK cc - 1 Riverine Road  Parklands,766
945,945,"AERODYNE ADVANCED ADVANCED COMPOSITES (PTY) LTD (Stellenbosch) - 41 Techno Avenue, Techno Park, Stellenbosch, 7600",631
465,465,Africa Competency Development (Pty) Ltd - Ground Floor Liesbeek House River Park River Lane Mowbray 7945,537
466,466,"Africa Skills Training solutions - C/O Church + Marsh STR, Mossel Bay, 6506",754
467,467,"Africa Skills Village - 133 Mitchell Street, George",401
468,468,Africa Stereos - 10 Third Street,595
469,469,"African Resources and Financial Training - Unit 10 Petrusa Park, Petrusa Street, Bellville, 7530",621
950,950,"AG HILL T/A DISA MOTORS WORKSHOP & C V JOINT SPECIALIST (Paarl) - 240 Main Road, PAARL, 7646",285
470,470,AG Training and Accreditation Solutions - 0,77
472,472,"Albertina CLC - YOUTH CENTRE, DIEPKLOOF, HEIDELBERG",507
473,473,"Alcari Learning Centre ( Pty) Ltd - Unit 1, 4 Nina Street, Brackenfell, 7560",740
474,474,"ALEXA SECURITY SOLUTIONS (PTY) LTD - 4 Queens Park Avenue, Salt River, Cape Town 7925",236
475,475,ALIVE P T L CC - 4 Beyers Road  Woodstock,163
977,977,"ALL DIESEL ENGINE PIPES T/A ADE PIPES (Kraaifontein) - P O Box 1034, KRAAIFONTEIN, 7570",371
476,476,Allandale Education And Training - Meaker Street Huguenot Paarl,357
477,477,Allflex Packaging cc - Unit 10A Central Park,535
983,983,"Allweld Solutions (Pty) Ltd (MAITLAND) (TP) - P O Box 145, Howard Place, PINELANDS",792
478,478,"Aloe Community and Leanring Center - Prince Alber Primary, Ensilina Street, Prince Albert",778
480,480,"Alpha ALC - School Sttreet, Standford, Standford",17
992,992,"ALPHA PRESISIE INGENIEURSWESE (EDMS) BPK (Stellenbosch) - 7 A Delson Circle, Somerset Business Park, Somerset West, 7601",351
481,481,"Alpine Adult Learing Center - Alpine Way, Beacon Valley, Mitchells Plain",713
1001,1001,"ALSTOM SATCHWELL CONTROLS (Southern Paarl) - Private Bag X6002, SOUTHERN PAARL, 7624",376
482,482,"Altimax (Pty) Ltd - Office 102, Libri Business Centre, Libri Lane, Somerset West, 7130",474
483,483,"Amlec Training Centre - 13 Prema Business Park, Engine Road, Montague Gardens, Cape Town, 7442",197
484,484,ANCHOR YEAST TECHNOLOGIES PTY LTD_(MEMB VOL LIQ) - BREE STREET 169A CAPE TOWN,337
485,485,"ANDRE ENGELBRECHT ENGINEERING cc (Stikland) - 24 Kariga Street, STIKLAND",91
486,486,"Anne Pienaar Primer - Jakkalsfontein, Paarl Road, Malmesbury",167
487,487,APL Cartons (Pty) Ltd - APL Cartons,143
489,489,APPLETISER MANUFACTURING - APPLETISER ROAD GRABOUW,408
490,490,Apsol cc - 0,225
491,491,"ARCHMAN POWER DIESELS CC (Brackenveldt) (DTTC) - 4 Reier Street, Okavango Industrial Area, Brackenveldt",597
492,492,"Aresta Community Learning Center - Beverly Street, Kewtown",660
493,493,Aries Carton and Screenprint - 10 Lood Street,490
494,494,"Ashton CLC - THUSONG BUILDING, PADDY STREET, ROBERTSO",368
496,496,"ATLANTIS ALC (AVOS) - H/V GROSVENOR & HERMES LAAN, SAXONSEA, ATLANTIS",669
497,497,"Aucamp Scholtz Lubbe Inc - 1 Niblick Way, Firgrove Rural, Somerset West, 7130",508
498,498,"AURORA - PA AANDBLOMSTRAAT, STEYNVILLE SEK, PIKETBERG",704
1065,1065,"AUTO BODY COACH WORKS (Parow) - 43 King Edward Street, PAROW, 7500",386
1072,1072,"AUTO MECHANICAL SERVICES (Beaufort West) - 153 Donkin Street, BEAUFORT WEST, 6970",601
499,499,"B.E.S.T CENTRE - DURHAM AVENUE, SALT RIVER, SALT RIVER",579
500,500,"BABBEL EN KRABBEL - BOSDUIFSTRAAT, BITTERWATER, LEEU GAMKA",140
501,501,"Bantubanye Skills - 2 Yellowwood Street, Alveda Park Extension 2, Johannesburg, 2091",679
12,12,"BARLOWORLD TOYOTA (Tygervalley) - 282 Durban Road, Oakdale, TYGERVALLEY, 7530",633
31,31,"BARRYS PIPING & WELDING SERVICES (Epping) - Unit 27 Gunners Park, Gunners Circle, EPPING 1, 7960",269
504,567,BDCE (Pty) Ltd - 5 Mountainview Crescent Durbell Durbanville Western Cape 7550,185
42,42,"BEARMA STAAL BK (Paarl) - 32 Westhoven Street, PAARL, 7646",465
505,505,"BEAUFORT WEST AND KAROO COMMUNITY LEARN - FIRST AVENUE, HILLSIDE, BEAUFORT WEST",280
52,52,"BEAUFORT WEST TRUCK CENTRE (Beaufort West) - Arbeid Street, BEAUFORT WEST, 6970",757
506,506,"BEAUFORT-WES SEK - HEUWEL STREET, RUSTDENE, BEUFORT WEST",528
508,508,Belcomec Training - Ntaka Street Thembalethu George 6529,96
507,507,"Belcomec Training - OSSIE Urban Street, George Industria",96
81,81,"BELGIAN AMERICAN MOTORS (Montague Gardens) - 3 Marconi Road, Unit 1 - Montigo Park, MONTAGUE GARDENS, 7441",681
509,509,"BELHAR SECONDARY ALC - SUIKERBOSSIE ROAD, BELHAR, BELHAR",326
510,510,"BELLVILLE MECHANICAL WORKSHOP (Bellville South) - Modderdam Road, BELLVILLE SOUTH",616
89,89,"BELMET TRAINING CENTRE T/A BELMET MARINE (PTY) LTD (Bellville)(TP) - Atomic Street, Triangle Farms, BELLVILLE, 7530",553
511,511,"Bennet J Financial Services - 3 Kariga Street, Stikland Industrial, Bellville, 7530",682
512,512,"BERGHOF - LANGSTRAAT, BERGHOF, PORTERVILL",775
513,513,"BERGSIG - KUDU ROAD, BRIDGTON, OUDTSHOORN",199
514,514,"Bernard Shaw Ouditeure Ing - Office D8, Block D",193
515,515,"BEYERS TRUST FARMS - DISALAAN, RIVIERSONDEREND, RIVIERSONDEREND",693
520,520,"BISSETSDRIFT - BISSETSDRIFT PRIMÃŠR, VYEBOOM, VILLIERSDORP",642
521,521,"BITTERFONTEIN SITE - MANDELA STREET, BITTERFONTEIN, VAN RHYNSDORP",461
522,522,"BLANCO CLC - MONTAGUE STREET, BLANCO, GEORGE",334
523,523,"BLOEKOMBOS ALC - MAGUBUDELA STREET, BLOEKOMBOS, KRAAIFONTEIN",144
524,524,Boland Agri Training & Community Development Centre - Boland Agri Training & Community Development Centre 6 Kiepersol Street Tulbagh Tulbagh Witzenberg Urban 6820,708
528,528,Boland College - 85 Bird Street Stellenbosch CAPE TOWN Western Cape 7599,800
529,528,Boland College - 85 Birdstreet Stellenbosch 7600,800
527,528,Boland College - Boland College,800
115,532,"Boland College (Worcester Campus) (WORCESTER) (TP) - Renier Street, WORCESTER, 6850",385
530,530,Boland Drukpers - Versaille Street,112
531,531,Boland FET College - 71 Aerodrome Road Strand 7139,171
535,535,Boland FET College - College Street Caledon 7230,171
533,533,Boland FET College - Plein Street Paarl,171
532,532,Boland FET College - Rainier Street WORCESTER 6850,171
534,534,Boland FET College - Van Riebeeck Street Stellenbosch 7600,171
536,536,"BONGOLETHU CLC - BONGOLETHU PRIMARY, DYAMALA STREET, PHILLIPI",49
537,537,"BONNIEVALE CLC - THUSONG BUILDING, PADDY STREET, ROBERTSON",107
538,538,"BONTEHEUWEL-BISHOP LAVIS CLC - MODDERDAM HIGH SCHOOL, BONTEHEUWEL AVENUE, BONTEHEUWEL",644
539,539,Bosch Rekenmeesters - FARM SONWEELDEROUTE 45 NORTHERN PAARL 7620,177
540,540,Boston City Campus & Business College (PTY) Ltd (Somerset West) - Ground Floor Twin Oaks Main Street Somerset 7130,137
541,541,Boston City Campus & Business College- Cape Town - 3rd Floor Matador Centre 62 Strand Street Cape Town  8001,309
542,542,Boston City Campus and Business College - Bellville - 1st floor Regkaam Building Kort Street Bellville 7530,814
543,543,Boston City Campus and Business College - George - 1st Floor Market Mall 84 Market Street George 6529,196
544,544,"Boston School of Finance - George - 1st Floor Market Mall, 84 Market Street, George, Western Cape, South Africa",588
545,545,"Boston School of Finance - Somerset West - Ground Floor Twin Oaks Centre, 142 Main Road, Somerset West",387
546,546,"Boston School of Finance Bellville - 1st Floor Regkam Building Kort Street (Cnr Voortrekker Road), Bellville, Western Cape, South Africa",783
547,547,"BOTHA ALC - BOTHA PRIMARY, WYSERSDRIFT, RAWSONVILLE",726
548,548,"BOTRIVIER COMMUNITY LEARNING CENTRE - BOTRIVIER PRIM, PARK STREET, BOTRIVIER",200
549,549,"BRANDVLEI CORRECTIONAL SERVICES - BRANDVLEI PRISON, RAWSONVILLE ROAD, WORCESTER",52
551,551,"BRANDWAG - BRANDWAG, MOSSELBAAI, MOSSELBAAI",789
553,553,"BREÃ«RIVIER WYNLAND CLC - PADDY STREET, ROBERTSON, ROBERTSON",680
552,552,"BREDASDORP - RECREATION STREET, BREDASDORP, BREDASDORP",458
120,120,"BREEDE VALLEI BAKWERKE (Worcester) - 22 Field Street, Industria, WORCESTER, 6850",558
555,555,"BRIDGETOWN ALC - BRUSHWOOD ROAD, BRIDGETOWN, CAPE TOWN",409
556,556,Bright Idea Projects 2082 CC - 234 Tonyn Street White City Saldanha Western Cape 7395,729
557,557,British American Tobacco South Africa Pty Ltd - British American Tobacco South Africa Pty Ltd 25 Du Toit Street Stellenbosch Stellenbosch Urban 8000,330
559,559,Bromor Foods (Pty) Ltd - 5 Morningside Rd   Ndabeni,259
560,560,"BROODKRAAL - PA BROODKRAAL, PIKETBERG, PIKETBERG",703
561,561,BSC  CONSULTANTS - 8 WATTLE ROAD TYGERBERG,313
562,562,"BSI College (Pty) Ltd - 5th Floor, The Strand
37 Strand Street
Cape Town
Western Cape, 8000",35
563,563,"BUCCANEER GUNS CC CAPE TOWN - 65 Waterkant Street Cape Town City Centre, Cape Town, 8001â€Ž",802
564,564,"BUFFELJAGSRIVIER CORRECTIONAL SERVICES - SOMERSET STREET, SWELLENDAM, SWELENDAM",390
565,565,"BUILD ADULT LEARNING CO-OPERATIVE (BALC - SHIPMAN ROAD, DIEPRIVIER, DIEPRIVIER",124
127,127,"BURGER PETROL AND DIESEL (WORCESTER) - 119 Sheard Street, Worcester",384
567,567,"Business Development Centre of Excellence CC - Cape Town - 5 Mountain View Crescent, Durbell, Durbanville, 7550",109
569,569,Buzz-word Training College - 19 Picton Road Parow Western Cape 7499,22
571,571,CAE College of Audio Engineering - 15 Hillrise Crescent Durbell Durbanville Cape Town Western Cape 7550,610
135,135,"CALEDON AUTO ELECTRICAL WORKS (Caledon) - New Cross Street, CALEDON, 7320",391
572,572,"CALITZDORP - OLD LIBRARY BUILDING, BERGSIG, CALITZDORP",108
144,144,"CAPE AUTO ELECTRIC (Maitland) - 15 Sydow Street, MAITLAND, 7405",192
575,575,"Cape Craft & Design Institute - 37 Barrack Street  East City,Cape Town",19
578,578,Cape Global Construction And Engineering Training Centre Pty Ltd - 0,751
579,579,"Cape Information Technology Initiative - 3rd Floor, Block B, Woodstock Exchange 66-68 Albert Road Woodstock Cape Town Western Cape 8000",540
580,580,Cape Institute for Agricultural Training: Elsenburg - Cape Institute for Agricultural Training: Elsenbu0rg Muldersvlei weg Elsenburg,591
151,151,"CAPE MANUFACTURING ENGINEERS (Epping) - 9 Benbow Ave, EPPING INDUSTRIA, 7460",187
581,581,"Cape Peninsula University of Technology - Symphony Way, Cape Town 7530",181
583,583,Cape Printing (Pty) Ltd - Cnr Neil Hare & Johan Heyns Streets,749
584,584,"Cape Town Baptist Seminary NPC - 52-62 Tarentaal Road, Bridgetown, Athlone, Cape Town, 7764",249
585,585,"CAPE TOWN COMMUNITY COLLEGE - STRAND STREET, 301(A) MATADOR CENTRE, CAPE TOWN",146
586,586,Cape Town Society for the Blind - 45 Salt River Road Salt River Cape Town Western Cape 7925,648
587,587,"CAPRICORN COMMUNITY LEARNING CENTRE - VRYGROND AVENUE, CAPRICORN PRIMARY, MUIZENBERG",110
588,588,"CAT College (Pty) Ltd - 47 - ON -Strans, Strand Street Cape Town",395
196,196,"CDR MOTORS (EDMS) BPK T/A CERES TOYOTA (Ceres) - 112 Voortrekker Street, CERES",45
589,589,Center for Creative Education - 4 Victoria Road Plumstead Cape Town 7800,483
204,204,"CENTRAL CAR REPAIRS (Observatory) - 423A Main Road, OBSERVATORY, 7925",442
591,591,"CENTRAL KAROO CLC - FIRST AVENUE, HILLSIDE, BEAUFORT WEST",538
593,593,"Centre for Creative Education/Iziko La Bantu Be Afrika NPC - McGregor House, 4 Victoria Road, Plumstead, 7801.",572
594,594,Centre for Early Childhood Development - 20 Rosmead Avenue Claremont 7708,189
595,595,"Centurion Kollege vir Beroepsonder-rig, Site name: Northlink  FET College -Parow Campus - PAROW VALLEY",777
596,596,"CHATSWORTH CLC - CHATSWORTH PRIMARY, CHATSWORTH, MALMESBURY",150
599,599,"Chippa Investment Holdings - 2 KINDROGGAN FL, Cape Town, Western Cape 7405",529
598,599,"CHIPPA INVESTMENT HOLDINGS CC - 2 KINDROGGAN FL, Cape Town, Western Cape 7405",526
600,600,"CITRUSDAL PRIMÃŠR CLC - ANEMONE STREET, CITRUSDAL, CITRUSDAL",229
601,601,City of Cape Town - Maitland Training Centre - Unit H; Maitland Business Park Voortrekker Road Maitland 8000,13
602,602,"CITY OF CAPE TOWN ALC - CNR NEW EISLEBEN/MILLER STREET,CROSS ROADS, NYANGA",645
603,603,"City Varsity t/a Film & Television & Multimedia School - Cape Town: 32 Kloof Street Gardens, Cape Town, 8001.",46
604,604,CITY VIEW BUSINESS COLLEGE AND COMPUTER STUDIES - 112 Long street 3rd floor Twinell House,803
607,607,Climal Creative Projects - 3 Saint Patrick Avenue  Seawinds,788
608,608,"CLOETESVILLE SECONDARY ALC - CURRY STREET, CLOETESVILLE, STELLENBOSCH",128
609,609,Clover SA (Pty) Ltd Parow - 9 PARIN ROAD Â Â  INDUSTRIA,581
610,610,COLLABORATIVE MINDS - 5 Kehrweider St Saxon Sea,436
615,624,College of Cape Town - 18 Breda Street Gardens Cape Town,312
613,613,"College of Cape Town - 334 Albert Rd, Salt River, Cape Town",312
612,620,College of Cape Town - Crawford Campus Kromboom Road Crawford undefined Western Cape 7780,312
616,621,College of Cape Town - Pinelands Campus - Pinelands Campus Jan Smuts Drive Pinelands 8000,776
611,625,COLLEGE OF CAPE TOWN - Thornton Campus Cnr Cedar & Poplar Roads Thornton CAPE TOWN 8000,228
617,623,College of Cape Town (City Campus) - ,728
228,623,COLLEGE OF CAPE TOWN (City Campus) (Non Merseta TP) - Cape Town City Centre,135
624,624,College of Cape Town FET College - Breda Street Gardens Cape Town 8001,43
626,626,College of Cape Town FET College - Broad Road Wynberg 7800,43
623,623,College of Cape Town FET College - Cnr Longmarket and Buitenkant Street Cape Town 8001,43
625,625,College of Cape Town FET College - Cnr of Poplar & Cedar Road Thornton 7460,43
627,627,College of Cape Town FET College - Cnr of Protea & Eland Street Athlone 7764,43
619,619,"College of Cape Town FET College - Cnr. NY1 & Ngambu Street Guguletu 7750false,false,1",43
621,621,College of Cape Town FET College - Jan Smuts Drive Pinelands 7405,43
620,620,College of Cape Town FET College - Kromboom Road Crawford 7780,43
628,627,"College of Cape Town: Athlone Campus - Cnr of Eland and Protea St, Athlone",414
629,621,"College of Cape Town: Pineland Campus - Jan Smuts Drive, Pinelands",773
630,625,"College of Cape Town: Thorton Campus - Cnr of Cedar and Poplar Rds, Thornton",131
631,631,College of Sustainable Agriculture - College of Sustainable Agriculture 83 Helderberg College Road The Vineyard Somerset West Cape Town Metro Urban 7129,721
632,632,Collotype Labels - P.O.Box 891,511
634,634,Colors Packhouse (Pty) Ltd - Colors Packhouse (Pty) Ltd Distillery Street Dal Josafat Paarl 7623,399
635,635,Colourtone Press - 382 Voortrekker Road,240
637,637,Community Media Trust - Main Road Muizenburg 7950,423
639,639,Community Water Supply & Sanitation Unit - Cape Peninsula University Symphony Way Bellville  7535,797
641,641,Competency International SA (Pty) Ltd- To Remove - 32 Stowe Cresent Silvertree Estate Tokai 7945,530
644,644,Concept Interactive (Cape) cc - 16 Main Road Rosebank Western Cape 7700,699
645,645,"CONDITION YELLOW SKILLS DEVELOPMENT AND FIREARMS TRAINING ACADEMY - 54 suikerbekkie east st  joostenbergvlakte,Kraaifontein",257
647,647,Consol Limited: Consumer Flexible Packaging - 10 Station Road,628
648,648,Continuing Education for Africa - 47 Bain Street Wellington 7655,363
649,649,"CONVILLE - CONVILLE PRIM, PIENAAR STREET, GEORGE",266
650,650,"Cornerstone Institute (RF) NPC - 127 Cecil Road, Salt River, 7925.",719
651,651,"Cornway Training & Placement Center - Bellville - 64 Bree Street
Bree Castle House Unit 20 4
2nd Floor
Cape Town 8000",222
655,655,Creda Communications (W.C) - Eliot Avenue,463
657,657,"Credit Blende Training (Pty) Ltd - Foreshore, Cape Town",92
658,658,CROSS SKILLS DEVELOPMENT - 16 Dwyka Street Stikland,790
659,659,CTP Limited - Cnr Caxton & Duminy Street,204
661,661,CTP Printers - Cape Town - CTP Book Printers,325
664,664,Culhane Consulting - 19 Keurboom Crescent Plattekloof  7500,205
665,665,"CWESI CLC - C/O WBHS, LOVERS WALK, WYNBERG",709
666,666,Cyber Minds (PTY) Limited - 157 1st Avenue Parow Cape Town Western Cape 7500,311
301,301,"D C ENGINEERING (TULBAGH) - Straat kerk, Tulbagh",786
667,667,DAIRYBELLE (PTY) LTD - CAPE TOWN - 2 Cochrane Avenue Eppindust,476
668,668,"DAL JOSAFAT ALC - GROENHEUWEL PRIMARY, SYMPHONY AVENUE, GROENHEUWEL",424
669,669,"DAMBA ALC - SILUMKO STREET, KHAYELTISHA, KHAYELITSHA",344
670,670,Damelin - Mowbray - 12 Liesbeek Parkway Mowbray,314
671,670,"Damelin (Pty) Ltd - 12 Liesbeeck  Parkway, Mowbray, Cape Town, 8000.",649
675,674,"Damelin Correspondence College - 64 St George's Mall
Cape Town
8001",243
672,672,Damelin Correspondence College (Pty) Ltd - ICG House 130 Strand Street Cape Town Western Cape 8001,267
674,674,"Damelin Correspondence College (Pty) Ltd CG, - 64 St George's Mall
Cape Town
8001",365
309,309,DAMELIN EDUCATION GROUP (Vredenburg)(TP) - VREDENBERG,342
676,676,Damelin Namaqualand (Springbok) - Damelin Namaqualand (Springbok) 0000,44
677,670,Damelin PTY Ltd - 12 Liesbeek Parkway Mowbray,18
678,678,DAMELIN TECHNICAL DIVISION (Cape Town)(TP) - 8 Darling Street   Cape Town,677
679,679,"DANKBAAR - DISALAAN, RIVIERSONDEREND, RIVIERSONDEREND",565
680,680,Dantall - 49 Roodebloem Road Woodstock Cape Town Western Cape 7925,446
684,684,"DARLING CLC - VOORUITSIG PRIMARY, DURBAN STREET, DARLING",643
685,685,"DASBOSCH - LONG STREET, DASBOSCH, PORTERVILLE",366
317,317,"DATCENTRE MOTORS (PTY) LTD T/A CMH NISSAN (Cape Town) - 1 Bree Street, CAPE TOWN",673
687,687,"DAV PROFESSIONAL PLACEMENT GROUP - 45 Sir Lowry Road, Woodstock, 7925",484
688,688,"DCCT ALPF - GORDON RD, HEATHFIELD, HEATHFIELD",122
326,326,"DCD Marine (Pty) Ltd (CAPE TOWN) (TP) - Ocean Rd, Sturrock Dock, Table Bay, CAPE TOWN, 8000",452
334,334,"DCD-DORBYL (PTY) LTD (Cape Town) - Ocean Rd, Sturrock Dock, Table Bay, CAPE TOWN, 8000",548
689,689,De Compu School Malmesbury cc - No 8 Duthie Street Malmesbury Western Cape 7300,369
690,690,"DE DOORNS ALC - PEOPLE'S CENTRE, DE DOORNS - EAST, DE DOORNS",549
691,691,"DE LA ROCHE - DE LA ROCHE, HOOFSTRAAT, NOORDER PAARL",518
692,692,"DE RUST - DE RUST SECONDARY, DE RUST, 2ND AVENUE, OUDTSHOORN",272
694,694,"DE RUST FUTURA GEMEENSKAPS LEERSENTRUM - PATRYSLAAGTYE, DE RUST LANDGOED, GRABOUW",97
695,695,"DE TUINLANDGOED - DE TUINLANDGOED, HALFMANSHOF, PORTERVILLE",480
696,696,"De Villiers Broodryk Paarl Ingelyf - 10 VAN DER LINGEN STREET, PAARL, WESTERN CAPE, ZA",9
697,697,"De Vries Manangement and Training Services - 20 MARGARET STREET, GAYLEE, BLACKHEATH, 7580",764
698,698,"DELFT CLC - SUNRAY PRIMARY, MAIN ROAD, DELFT",481
699,698,"DELFT SOUTH - SUNRAY PRIMARY, DELFT MAIN ROAD, DELFT",759
350,350,"DESTA POWER MATLA - CAPE TOWN (Epping) Trasfered to L920711704 - Elliot Avenue, Epping, CAPE TOWN, 8001",473
701,701,Development Bank of Southern Africa (DBSA) - Development Bank of Southern Africa  Headway Hill  1258 Lever Rd Midrand,172
702,701,Development Bank of Southern Africa (DBSA) - Development Bank of Southern Africa  Headway Hill  1258 Lever Rd Midrand,250
703,703,"DIAZVILLE ALC - DIAZVILLE PRIMARY, VRAAGOM STREET, DIAZVILLE",69
704,704,"DIE DUINE ALC - SECOND AVENUE, LOTUS RIVER, CAPE TOWN",741
705,705,"DIE HOEK - DIE HOEK FARMS, EN BO DOORNRIVIER, WORCESTER",666
706,706,Die Nooitgedacht Pers cc - 19A Woodlands Road,210
708,708,"DIE ONS WERELD CLC - VAN EYCK AVENUE, LADISMITH SEKONDER, LADISMITH",201
709,709,"DIE POORT - DIE POORT, UITZIG FARM (N7), CITRUSDAL",58
710,710,"DILIZUNGAZI - JABAVU ROAD, KWA-MANDLENKOSI, BEAUFORT WEST",28
712,712,DISTELL (PTY) LTD. - Libertas Building Adam Tas Street,382
713,713,Divfood Paarl - Van der Stel Street,268
716,716,"DOORNRIVIER ALC - NIEUWE MORGEN PRIM, SCHERPENHEUWEL, WORCESTER",54
717,717,"DORINGBAAI - MANDELA STREET, VANRHYNSDORP, VANRHYNSDORP",630
718,718,"DRAKENSTEIN KORREKTIEWE DIENSTE - DRAKENSTEIN PRISON, WEMMERSHOEK ROAD, PAARL",632
719,719,Drukkor Printing - 7 Hibernia Street,241
720,720,DRW Consultancy Enterprises CC - 0,525
721,721,DUENS BAKERY - 17 Fisher Avenue Eppinndust,769
722,722,"Durbanville College (Pty) Ltd - 2, The Crescent, Durbanville, 7550",406
723,723,"DWARSRIVIER CORRECTIONALSERVICES - DWARSRIVIER CORRECTIONAL SERVI,DE LIEDFE ROAD, WOLSELEY",80
725,725,"Dyna Training Pty Ltd - Unit D7, Collingwood Building, Black River Park, Observatory Cape Town 7925",40
727,727,"Dynamix Computer Training Center - 9th Floor, Manhattan Plaza 100 Edward Road Tygervalley  Western Cape 7443",670
729,729,"DYSSELDORP - DYSSELDORP PRIMARY, DYSSELS ROAD, DYSSELSDORP",688
730,730,"E Salomon & Co - 2 Canal Side, Heron Crescent, Century City, Cape Town",297
732,732,Early Learning Foundation Montessori Teacher Training - 69 Main Road Mowbray 7700,526
733,733,Early Learning Resource Unit (ELRU): Cape Educational Trust t/a - 19 Flamingo Crescent Lansdowne 7780,566
734,734,"EBENHAESER VOLWASSE ONDERRIGSENTRUM - SKOOLSTRAAT, EBENHAUSER, VREDENDAL",531
735,735,"ECA SA Cape Town - 46 New Market Street, Cape Town",374
737,737,"EDENDALE COMMUNITY LEARNING CENTRE - EDENDALE PRIMARY, C/O MANENBERG & PHILLIPPI CIRC,MANENBERG",731
738,738,"EDUCATION FOR AFRICA LC - PETUNIA STREET, SILVERTOWN, ATHLONE",657
739,739,"EERSTE RIVER CLC - EERSTERIVER SECONDARY SCHOOL, BEVERLY STREET, EERSTE RIVER",410
741,741,Ekhozi Rural Development Services - Ekhozi Rural Development Services NO 12 Daalder Close Strand Cape Town Metro Urban 7443,767
743,743,Ekuhlaleni Community Preschool Project - Sithandathu Avenue Medical Centre Nyanga 7755,652
742,743,"EKUHLALENI COMMUNITY PRESCHOOL PROJECT - SITHANDATHU AVENUE, NYANGA MEDICAL CENTRE, NYANGA",161
744,744,"ELANDSBAAI CLC - MAIN ROAD, ELANDS BAY, ELANDS BAY",811
745,745,"ELANDSRIVIER - ELANDSRIVIER PRIMARY, VILLIERSDORP, VILLIERSDORP",730
403,403,"ELCO PLASTICS (PTY) LTD (Stikland)(TP) - 11D Danie Uys Street, Stikland, CAPE TOWN, 7530",718
746,746,Elgin Community College - 9 Appletiser Road Grabouw 7160,152
747,746,"Elgin Community College - Elgin Community College 09 Appletiser Road , Elgin Grabouw Theewaterskloof Urban 7160",152
749,746,"ELGIN COMMUNITY LEARNING CENTRE - APPLEISER ROAD, ELGIN, GRABOUW",206
751,751,"ELSIES RIVER ADULT EDUCATION AND TRAINI - BOWLER STRAAT, LEONSDALE, ELSIES RIVIER",585
754,754,Eskom  Ankerlig Power Station - Eskom Ankerlig Power Station Atlantis Industrial Tygervalley 7536,420
755,755,Eskom Generation - Palmiet Pump Storage Grabouw - 15 Pasita Street Rosenpark Bellville 7536,686
757,757,Eskom GX: Peaking Power Station - 15 Pasita Street Rosenpark Bellville 7536,295
758,757,Eskom GX: Peaking Power Station - 15 Pasita Street Rosenpark Bellville 7536,295
759,759,Eskom Koeberg - EE - Generation & Trade Test Centre - R27 West Coast Road Melkbosstrand 7440,556
760,760,Eskom Koeberg - Radiation Protection - Off Westcoast Road Melkbosstrand  Cape Town 7440,100
761,761,Eskom Koeberg Nuclear Power Station PPO - R27 West Coast Road Melkbosstrand,359
763,763,"Exacct Accounting CC - CARPE DIEM BUILDING, BLOCK A, TECHNO PARK, QUANTUM STREET, STELLENBOSCH, WESTERN CAPE, ZA,",527
404,404,"EXACTOCRAFT (PTY) LTD (Paarden Eiland) - 21 Transvaal Street, PAARDEN EILAND, 7405",804
765,765,EXERCISE TEACHERS ACADEMY - Rondebosch,742
767,765,EXERCISE TEACHERS ACADEMY - Rondebosch,742
766,765,EXERCISE TEACHERS ACADEMY - Rondebosch,742
768,765,"Exercise Teachers Academy (Pty) Ltd t/a ETA - WPCC Sports Centre, Avenue de Mist, Rondebosch,7700",761
769,769,Express Training cc - 17 NOOITGEDACHT DRIVE HOUTBAY 7872,589
770,770,"EZELFONTEIN - LYELL STREET, CERES, CERE",615
771,771,"EZIQHAMENI ALC - LYELL STREET, HAMLET, CERES",169
406,406,"FABRINOX (PTY) LTD (Huguenot) - 130 Jan Van Riebeeck Road, Huguenot, PAARL, 7646",626
772,772,False Bay College - 1st Floor Tokai - On â€“ Main Tokai Western Cape 7945,125
773,776,False Bay College - Westlake Campus - False Bay College - Westlake Campus Westlake Business Park Westlake Drive Tokai 7945,261
407,778,"False Bay College (Khayalitsha Campus) (TP) - Mew Way, Khayelitsha",524
774,776,"False Bay College (Westlake Campus) (CAPE TOWN) (TP) - Westlake Drive, Westlake, TOKAI, 7966",316
780,780,"False Bay FET College - C/o of Portlands Primary School, Kunene Rd Mitchells Plain",242
775,775,"False Bay FET College - Corner 7th Avenue & Kommetjie Road, Fish Hoek",242
779,779,False Bay FET College - Ground Floor Cinnabar Building Main Rd Muizenberg,242
778,778,False Bay FET College - Mew Way Khayelitsha,242
776,776,False Bay FET College - Westlake Drive Westlake,242
781,781,"FALSE BAY SECURITY BK - 6 Huguenot St, Bellville, 7530",592
782,776,"FALSEBAY COLLEGE - Westlake Drive, Westlake, Tokai, 7966",178
785,785,FBI CONTROL AND CCTV CC - Unit 137 Platinum Junction School Street Milnerton 7441,64
408,408,FC SMIT T/A HENCO CV BRAKE & CLUTCH (Maitland) - 83 Strand Street Stikland,532
786,786,Festo (Pty) Limited (Cape Town ) - Maitland Industrial Park,190
787,787,"FEZEKILE ALC - DASSIE ROAD, BONGOLETHU, OUDTSHOORN",264
788,788,"Film Mentorship & Training - Avalon Building 2, 2nd Floor 123 Hope Street Gardens Western Cape 8001",779
409,409,"FILMAIR SA (PTY) LTD (Pinelands) - 66 Old Mill Road, N'Dabeni, PINELANDS, 7405",120
789,789,"First Car Care (Pty) Ltd T/A STi Autobody Repairers (GOODWOOD) (DTTC) - 378 Voortrekker Road, Goodwood, Cape Town 8001",744
410,789,"First Car Care (Pty) Ltd T/A STi Autobody Repairers (GOODWOOD) (TP) - 378 Voortrekker Road, Goodwood, CAPE TOWN, 8001",736
790,790,"FMCG TRAINING SOLUTIONS CC - 17 Stuiwer Street Vierlanden, Durbanville  7550",488
792,792,Folding & Finishing - 20 Mail Street,504
793,793,"FOREST HEIGHTS SECONDARY ALC - BLOEKOM AVENUE, FOREST HEIGHTS, EERSTE RIVER",618
794,794,Formeset Printers Cape (Pty) Ltd - 24 Kinghall Avenue   Epping Industria 2,61
798,798,"FRANSCHOEK CLC - GROENDAL HOER SKOOL, JAFTA SINGEL, FRANSCHOEK",220
800,800,FREDDY HIRSCH GROUP PTY LTD - 1 CNR VOORTREKKER & 11TH AV MAITLAND,338
802,802,"FUGA FUNKSIONELE GELETTERDHEIDS AKSIE - CLANWILLIAM SECONDARY SCHOOL, OUKAAPSEWEG, CLANWILLIAM",622
804,805,Furniture Technology Centre Trust - Private Bag X 6858,396
805,805,Furniture Technology Centre Trust (ENC) - 8 Lowe stoft street,724
807,807,G&D Guesthouse and Training - 10 Dale Road  Mabille Park,668
808,807,G&D Guesthouse and Training - 10 Dale Road  Mabille Park,668
411,411,"GABRIEL SA (PTY) LTD (Retreat) - 76 White Road, Retreat, Cape Town, 7945",513
809,809,"GARDENIA COMMUNITY CENTRE - GARDENIA PRIMARY SCHOOL, CHESTNUT WAY, BELHAR",255
810,810,"GELUKWAARTS - GELUKWAARTS, PORTERVILLE, PORTERVILLE",665
811,811,"GENADENDAL ALC - MEYER AVENUE, MEYER CENTRE, GENADENDAL",415
812,812,"GEORGE ADULT EDUCATION CENTRE - TABATA STREET, THEMBALETHU, GEORGE",10
813,813,"GEORGE ADULT LEARNING CENTRE (DCS) - UNION STREET, GEORGE SOUTH, GEORGE",281
814,814,"GEORGE MUNICIPALITY - YORK STREET, GEORGE",55
815,815,"George Whitefield College NPC - 36 Beach Road, Muizenberg, 7950, Cape Town",71
816,816,Glen Lilly Outsourcing Services - 18 ALLEN DRIVE LOEVENSTEIN BELLVILLE 7530,781
818,818,"GLORIA / THEEWATERSKLOOF - THEEWATERSKLOOF PLAAS, VILLIERSDORP, VILLIERSDORP",123
820,820,"GOEIE HOOP ALC - DEMPER STREET, CALEDON, CALEDON",464
821,821,"GOODWOOD CORRECTIONAL SERVICES - GOODWOOD PRISON, MONTAGUE DRIVE, MONTE VISTA",32
822,822,"GORDON HIGH - GORDON HIGH, DE BEERS AVENUE, SOMERSET WEST",561
823,823,"GOUDA ALC - PETUNIA STREET, ONS RUS, GOUDA",327
824,824,"GOUDINI BAD - GOUDINI PRIMARY, GOUDINI-BAD, RAWSONVILLE",142
825,825,"GRAAFWATER - GRAAFWATER PRIMARY, SONNEBLOM STREET, GRAAFWATER",607
1,1,"GRAHAMS AIR CONDITIONING (PTY) LTD (Strand) - 261 Main Road, STRAND, 7140",418
827,827,Graphicraft (Pty) Ltd - 105 Hope Street,600
828,828,Grassroots Adult Education and Training Trust - 335a Klipfontein Road Silvertown Athlone 7764,519
829,829,"GRASSY PARK ALC - VICTORIA ROAD, GRASSY PARK HS, GRASSY PARK",72
830,830,Green Futures - Green Futures C/o Grootbos Nature Reserve Off R43 Between Stanford & Gansbaai Overstrand Urban 7220,84
832,832,Greenford Trading 20cc - 0,182
833,833,"GROENBERG ALC - ROODSHOEK WAY, WELLINGTON, WELLINGTON",38
835,835,"GROENHEUWEL ALC - DALWEIDE PRIMARY, SYMPHONY AVENUE,GROENHEUWEL, PAARL",674
836,836,"GROOTE SCHUUR HOSPITAL - GSH Training and Development C,Groote Schuur Hospital, OBSERVATORY",723
837,837,"H P Labelling - Gamka Street, Kaymor Industria",762
838,838,"HABITAT INDUSTRIES CC (Killarney Gardens) - 11A Scheckter Road, KILLARNEY GARDENS, 8000",733
839,839,"HABITAT INDUSTRIES CC (Killarney Gardens) - Camp Street Extension, SALDANHA, 7395",733
840,840,Hallmark Press (Pty) Limited - 9A Bell Crescent,82
842,842,Hansa Print (Pty) Limited - 11 Cornwall Street,106
843,843,"HARTEBEESKRAAL - NORTINGHAM STREET, SHERWOOD PARK, ATLANTIS",743
844,844,"Havosch Consolidated Investment TA Oschmann Accounting - 5 Wylant St, Door De Kraal, Bellville, Western Cape, South Africa",270
845,845,"HAWEQUA CORRECTIONAL YOUTH CENTRE - EDUCATION AND TRAINING, ADDY STREET, WELLINGTON",478
846,846,Headstart Mercy Montessori Training - 139 1 ST AVENUE KENILWORTH CAPE TOWN 7708,129
847,847,"Helderberg College NPC - Helderberg College Road, Somerset West, 7130",292
848,848,"HELDERSTROOM ADULT LEARNING CENTRE - P/A GREYTON ROAD, HELDERSTROOM PRISON, CALEDON",1
849,517,HELPING HANDS SKILLS ACADEMY - 786 Main Road Hoedjiesbaai Centre,153
517,517,"HELPING HANDS SKILLS ACADEMY (Saldanha)(TP) - 786 Main Road Hoedjiesbaai Centre, Saldanha, , Western Cape 7395",301
597,597,"HENTIQUE LTD (Diep River) - 27C Estmil Road, DIEP RIVER",662
851,851,"HERMANUSHEUWEL/ZOUTKLOOF - HERMANUSHEUWEL PLAAS, HERMANUSHEUWEL/ZOUTKLOOF, BREDASDORP",335
852,852,"HERMON VOLWASSE ONDERRIG - HERMON, WELLINGTON, WELLINGTON",636
853,853,"HESSEQUA CLC - DIEPKLOOF YOUTH CENTRE, LAMOELA STREET, HEIDELBERG",234
681,681,"HEUNIS ENGINEERING (Saldanha) - Verolme Kamp Street, SALDANHA, 7395",580
854,854,"HIGHLANDS ADULT LEARNING CENTRE - C/O AJAX AND HIGHLANDS ROAD, WOODLANDS, MITCHELL'S PLAIN",593
855,855,"HOLVLEI PRIMARY - HOLVLEI PRIMER, HOLVLEI, MOORREESBURG",431
762,762,"HOOFWEG 189 MOTORS (EDMS) BPK T/A PEUGEOT HELDERBERG (Strand) - Cnr Mill & Langewegger Street, STRAND, 7140",430
857,857,"HOOFWEG E-LEARNING & RECOURCE CENTRE - C/O WATERBLOM STREET AND MAIN, WEST BANK, KUILS RIVER",262
858,858,"HOPEFIELD - HOPEFIELD PRIMARY, SCHOOL STREET, HOPEFIELD",145
860,860,Hospice Palliative Care Association - Unit 11A Lonsdale Way Pinelands 7405,746
861,861,"HOUDCONSTANT - HOUDCONSTANT, PORTERVILLE, PORTERVILLE",706
862,862,"HOUSE OUTENIKWA - GOLF STREET, PARKDEN, GEORGE",734
863,863,Hugenote College - ,356
864,864,"HUIS JOHANNES - SKOOLSTREET, RUSTDENE, BEAUFORT WEST",346
834,834,"HULETT - HYDRO EXTRUSIONS (Epping) - Berty Ave, EPPING 2, 7475",113
1008,1008,"Hyundai automotive (PTY) LTD T/A HYUNDAI BELLVILLE (Bellville) - 74 Voortrekker Street, BELLVILLE, 7536",440
866,866,"IA Professional Placements And Related Services - 80 Panorama Road, Panorama, Parow, 7500",147
867,867,"IKAMVA - RIDDER STREET, BLOMPARK, GANSBAAI",609
868,868,"IKHWEZI ALC - CEDILE STREET, KWANONQABA, MOSSEL BAY",701
869,869,"ILLINGELETHU - HOLOMISA STREET, ILLINGELETHU, MALMESBURY",388
870,870,"Imperial Technical Training Academy (BELLVILLE SOUTH) (DTTC) - Unit 114/5 Mega Park, 15 Mill street, Bellville South Industrial, Cape Town, 8001",133
871,871,Impregnation Web Technology T/A Drycoat (Pty) Ltd - Bridge Road,24
872,872,"IMPUMALANGA ALC - C/O CHRIS HANI HS, CEKECA ROAD, KHAYELITSHA",482
873,873,"In Tuition, Site Name: Margaret Nicol & Associates (Pty) Ltd t/a In Tuition - 1st Floor, House Faure 10 Brodie Road Wynberg Mews 7800",758
874,874,Ince (Pty) Ltd. C.T - 7 Ravenscraig Road,392
876,876,"Independent Institute of Education (Pty) Ltd - 11 Adderley  Street, Cape Town, 8000",118
877,877,"Independent Institute of Education (Pty) Ltd - Varsity Place, Belmont Office Park, Belmont Road, Rondebosch, 7700",118
878,877,"Independent Institute of EducationÂ T/A VARSITY COLLEGE - Varsity Place, Belmont Office Park,
Belmont Road, Rondebosch 7700",493
880,880,Independent Newspapers. Cape - 122 St George's Mall,685
882,882,Industries Education & Training Institute Cape Town - 19 Kent Street Salt River Cape Town 7925,375
886,886,"Inscape Education Group (Pty) Ltd - 302 The Armoury, Buchanan Square, 160 Sir Lowry Road, Woodstock, Cape Town, 7925",687
887,887,"Insimbi Security Services Cc - 9 Mullers Bldg, Cuff St, Mossel Bay, Mossel Bay, Western Cape",805
889,889,"INSTITUTE FOR THE BLIND - CHURCH STREET, WORCESTER, WORCESTER",275
891,891,"INTANDO YETHU CLC - HLULA ROAD, SECTION 33, HARARE, KHAYALITSHA",207
892,893,Intec College - 130 STRAND STREET CAPE TOWN 8001,459
893,893,Intec College - ICG House 130 Strand Street Cape Town Western Cape 8001,459
894,894,"INTEC College (Pty) Ltd, CG, - 49 St George's Mall, Ground Floor, Cologne House Building, Cape Town, 8000",604
896,896,"International Hotel School (Pty) Ltd (The) - Sable Square Outlet Shopping Village (Block B), 142 Democracy Way, Marconi Beam, Milnerton, 7435",582
897,897,International Trimmings Sa Pty Ltd - 35 9th Ave,620
898,898,"Isa Carstens Academy (Pty) Ltd - 101 Aan de Gragt Building, 5 Plein Street, Stellenbosch, 8000",248
2,2,"ISCOR LTD - SALDANHA STEEL (Saldanha) - Business Centre - Saldanha Site, Yzervarkruggens, SALDANHA, 7395",637
899,899,"ISIBANE - THANDABANTU STREET, DU NOON, MILNERTON",364
900,900,"IT SA Computer Services Solutions (Pty) Ltd - 1st Floor, Sixty 3 on Main Main Road Paarl Western Cape 7646",87
88,88,"iThemba Labantu Vocational Training Centre (CAPE TOWN) (TP) - Cnr Eisleben & Sheffield Streets, Philippi East, CAPE TOWN, 7785",183
901,901,"JDG Consulting - 67 Rosmead Av, Kenilworth
Claremont (Western Cape)",498
902,902,JED SKILLS ACADEMY - West Caost Business Centre Tornyn Strteet,439
904,904,Jesua Consultants (Pty) Ltd - Diaz Office Park Office 21 & 22 Beach Boulevard West Mossel Bay 6506,111
906,906,Jobstart Training  Centre (CWD) - Green Point Kaapstad,748
907,907,"JOHN RAMSEY SECONDARY ALC - LAVIS DRIVE, LAVISTOWN, BISHOP LAVIS",683
908,908,"JONKERSRIVIER - OLD KOSIE DE WET BUILDING, BUITEKANT STREET, VILLIERSDORP",33
401,401,"JOWELLS TOYOTA SPRINGBOK (Springbok) - 15 Voortrekker Street, SPRINGBOK, 8240",29
932,932,Kaap Agri Training Centre - Kaap Agri Training Centre 65 Voortrekker Malmesbury,148
933,933,"KALBASKRAAL - FRAHNS LAAN, KALBASKRAAL, ABBOTSDALE",349
934,934,"KALKFONTEIN CLC - C/O ISABEL AND BELHAR MAINS, KALKFONTEIN, KUILSRIVIER",287
935,935,"KAMANASSIE CLC - HOTTOMSKLOOF PRIM, KAMANASSIE, OUDTSHOORN",117
936,936,"KAYAMANDI SEC CLC - MAKUPULA HIGH, MAKUPULA STREET, KAYAMANDI",53
937,937,KayDee Project Management Cc - KayDee Project Management Cc 3 Palmiet River Farm Main Road Grabouw 7160,370
940,940,"KEEROM - KEEROM, PORTERVILLE, PORTERVILLE",379
416,416,"KEITH NOLAN ENGINEERING CC T/A K N ENGINEERING (Blackheath) - Blackheath Small Business Centre, Station Road, Blackheath, CAPE TOWN, 7581",15
941,941,"KENSINGTON LITERACY PROJECT - KENSINGTON LIBRARY, C/O FATRETON AND 11TH AVENUE, KENSINGTON",717
942,942,Kgolo Institute - ,237
944,942,Kgolo Institute - ,444
946,942,Kgolo Institute - ,444
943,942,Kgolo Institute - WC EC ETC,237
947,942,Kgolo Institute - WC EC ETC,444
948,948,"KHAYALETHU - SINETHEMBA YOUTH CENTRE, KHAYELETHU, KNYSNA",428
433,433,"KILN CONTRACTS (Retreat) - 11 Celie Road, RETREAT INDUSTRIA, 7945",422
949,949,"Kingsway College of Computing and Business Studies Pty (Ltd) - 13-17 Heerengracht Street Pier House 7th Floor, Office 701 Cape Town Western Cape 8000",722
951,951,"KLAPMUTS - KLAPMUTS PRIMARY, MERCHANT STREET, KLAPMUTS",608
952,952,"KLAWER SATELLIET SENTRUM - MANDELA STRAAT, KLAWER, VAN RHYNSDORP",801
953,953,Klein Karoo Resource Centre - 44 St Saviour Street Oudtshoorn 6625,449
954,954,"KLEINBERG - ADRIAANSRYLAAN, ASLA PARK, MOSSEL BAY",25
955,955,"KLIPDALE - RECREATION STREET, BREDASDORP, BREDASDORP",296
956,956,"Knowledge Bases Sales - Block I, The Terraces  Steenberg Office Park Tokai Western Cape 7945",455
958,958,"KNYSNA MOTORS (Knysna) - 7 Main Street, KNYSNA, 6570",397
959,959,"KNYSNA SECONDARY SCHOOL - SUNRIDGE STREET, HORNLEE, KNYSNA",755
960,761,"Koeberg Nuclear P/S - Private Bag X10,Kernkrag, Western Cape",710
961,961,"KOEKENAAP - SKOOLSTRAAT, KOEKENAAP, VREDENDAL",806
962,962,"KOELENHOF - BANHOEK ROAD, STELLENBOSCH, STELLENBOSCH",404
963,963,KOINONIA COMMUNITY CENTER - 34 Lady Grey Street Paarl,557
964,964,"KORINGBERG (SITE) - KORINGBERG PRIMER, KORINGBERG, MOORREESBURG",605
965,965,"KOUE BOKKEVELD CLC - SKURWEBERG SECONDARY SCHOOL, KOUE BOKKEVELD, OP-DIE-BERG",98
966,966,Koue Bokkeveld Training Centre - Koue Bokkeveld Training Centre 63 Bergsig street Op die Berg Koue Bokkeveld Breede River Rural 6836,700
967,967,"KRAAIFONTEIN CLC - Koopmans Avenue, Scottsdene, KRAAIFONTEIN",780
970,970,"KRAAIFONTEIN SHOOTING ACADEMY - Municipal Sports Grounds Sarel van Deventer Street Kraaifontein, Western Cape 7572, South Africa",59
969,970,"KRAAIFONTEIN SHOOTING ACADEMY KRAAIFONTEIN - Municipal Sports Grounds Sarel van Deventer Street Kraaifontein, Western Cape 7572, South Africa",611
971,971,"KRANSHOEK - KRANSHOEK PS, MONUMENT STREET, KRANSHOEK",115
972,972,Kromco (Pty) Limited - Kromco (Pty) Limited Patryslaagte Grabouw Overstrand Urban 7160,807
973,973,"KRUISMANSRIVIER - AANDBLOMSTRAAT, P/A STEYNVILLE SEK, PIKETBERG",785
974,974,"KUYASA CLC - LUDWE NGAMLANA MQA MKI STREET, KUYASA, KHAYELITSHA",191
975,975,"KWANOKUTHULA (PHAKAMISANI) - PHAKAMISANI PRIMARY, SISHUBA STREET, KWANOKUTHULA",505
976,976,KWV SOUTH AFRICA PTY LTD - POSBUS 528 WESTERN CAPE,394
978,978,LADISMITH KAAS MPY EDMS BPK - SCHOONGESICHT LAAN LADISMITH,30
979,979,"LAMBERTSBAAI - PW DE BRUIN PRIMARY, PIETERSEN STREET, LAMBERTSBAY",16
980,980,"LATEGANSVLEI ALC - LATEGANSVLEI PRIMARY, LATEGANSVLEI, OUDTSHOORN",66
982,982,"Latitude Varsity - Table View Campus
Bayside Office Park,
41-43 Erica Road,
Table V 
7441",437
985,985,Lavender Moon Trading 27 cc - Lavender Moon Trading 27 cc 15 Roseland Road Rondebosch Cape Town Metro Urban,343
986,986,"LE JARDINE - Le Jardine, PORTERVILLE",166
990,990,"LEIDEN CLC - C/O LEIDEN AND JAN DIESEL AVEN,LEIDEN, DELFT",158
991,991,"LENTEGEUR - LENTEGEUR PUBLIC LIBRARY, MERRYDALE ROAD, MITCHELLS PLAIN",188
993,993,"LEWENSRUIMTE ELSEN ABET CENTRE - DE LA BAT ROAD, WORCESTER, WORCESTER",372
994,994,Lithotech Manufacturing Cape - Bofors Circle,689
997,997,LIVINGSTONE TOURISM ACADEMY - Durbanville,361
996,997,LIVINGSTONE TOURISM ACADEMY - Durbanville,361
445,445,"LJ JOHANNES T/A THE VILLAGE WORKSHOP (Durbanville) - 23 Wellington Road, Durbanville, CAPE TOWN",587
998,998,Logo Print - 1st Street,768
999,999,"Loubser Du Plessis Inc - De Waterkant
10 Helderberg Street
Stellenbosch",6
455,455,"LR ALBERTYN T/A LA REFRIGERATION & ELECTRICAL SERVICES (Lansdowne) - 12 Kanarie Road, LANSDOWNE, 7780",303
1000,1000,"LUCKHOFF SECONDARY ALC - LUCKHOFF SEN. SEC, BLOEKOM AVENUE, IDAS VALLEY, STELLENBOSCH",520
462,462,"LUSTIGAAN BELEGGINGS (PTY) LTD T/A MARS EQUIPMENT MANUFACTURING (Daljosaphat) - 9 Boland Street, Daljosaphat, PAARL, 7646",571
1002,1002,"LUTZVILLE CLC - SUIKERHOEK STRAAT, LUTZVILLE, VREDENDAL",127
1003,1003,"LYNEDOCH - MEERLUST, LYNEDOCH",606
471,471,"M & D ENGINEERING (Woodstock) - 8 Melborn Road, Woodstock, CAPE TOWN, 8000",21
1004,1004,"MA AFRIKA TIKKUN CLC - THE HAGUE RECREATION CENTRE, MAIN ROAD, DELFT",684
1005,1005,Majahd Educational Services Multi-Purpose Primary Co-operative - 1 Church Street Okiep 8270,383
1006,1006,"MALMESBURY NEW PRISON - ROZENBURG STREET, MALMESBURY, MALMESBURY",333
1007,1007,"MALMESBURY VOLWASSE ONDERWYSSENTRUM - DARLINGWEG, SCHOONSPRUIT, MALMESBURY",298
1009,1009,Management College of Southern Africa (MANCOSA) - First floor Stadium on Main 99 Main Rd Claremont,138
1010,1010,MANUEL SECURITY CC - Aâ€ 368 Albert Road Salt River Cape Town Western Cape 7900,554
479,479,"MAPC TRADING (PTY) LTD T/A MAPC TRAINING ACADEMY (Maitland)(TP) - Cnr Voortrekker Road & 3rd Avenue, Maitland, CAPE TOWN",68
488,488,"MARKET TOYOTA (Rylands) - 59 College Road, Rylands, Athlone",23
503,503,"MARSDEN (PTY) LTD (Airport Industria) - 6 Milan Street, Airport Industria, CAPE TOWN",584
1014,1014,"MARYLAND LITERACY PROGRAMME - C/O MARYLAND CENTRE, SUMMIT ROAD, HANOVER PARK",663
1015,1015,"MASAKHANE ALC - MANDELA STREET, MASAKHANE, GANSBAAI",613
1016,1016,"MASAKHANE ALC - UMNQOPHISO PRIMARY, NONKQUBELA STREET, LWANDLE",613
1017,1017,"MASINYUSANE CLC - RELIEF STREET, MURRAYSBURG",198
1018,1018,"MASIYILE ALC - MASIYILE HIGH, C/O BONGA AND PAMA ROAD, KHAYELITHSA",230
1019,1019,"MASIZAME ALC - IMBONISELO PRIM, LINGELIHLE STREET, MBEKWENI, PAARL",105
1021,1021,"MATIE COMMUNITY SERVICE - BANHOEK ROAD, STELLENBOSCH, STELLENBOSCH",575
1023,1023,"MBEKWENI LITERACY PROJECT - LANGABUYA PRIMARY, MAFILA STREET, MBEKWENI",450
1024,1024,"MC Hanekom - DIE TREK STREET 
Piketberg, Western Cape",34
1025,1025,Mc Intosh Xaba and Associates (MXA) - 195 Umhlanga Rocks Drive Durban North,239
526,526,"McCarthy Academy Cape Town (BLACKHEATH) (TP) - Unit 8 - 9B, Barlinka Road, Saxenberg Business Park",514
1026,526,"McCarthy Automotive Artisans Academy (CAPE TOWN) (DTTC) - Unit 6B, Saxonburg Business Park, Barlinka Road, Blackheath, 8000",74
550,550,"MCD Training Centre (Pty) Ltd (CAPE TOWN) (TP) - Duncan Road (Next to Royal Yacht Club), Table Bay Harbour, CAPE TOWN, 7420",141
1027,1027,"MCGREGOR CLC - THUSONG BUILDING, PADDY STREET, ROBERTSON",562
1028,1028,MECHANICAL TRAINING SCHOOL (Bellville South) - ,340
1029,1029,Media Village Communication - 13 Sondal Road Eversdal Durbanville Cape Town Western Cape 7550,159
1030,1030,"Mediclinic (Pty) Ltd - Tijgerpark 1, Willie van Schoor Drive, Bellville, 7530",629
1031,1031,Merpak Envelopes Cape (Pty) Limited - 13-19 Hillstar Avenue,299
1034,1034,"METHODIST CHURCH - METHODISTE KERK, BRANDERSTRAAT, RUSTDENE, BEAUFORT-WES",655
1035,1035,"METHODIST MANDLENKOSI CLC - MAARMAN STRAAT, KWAMANDLENKOSI, BEAUFORT WEST",522
1036,1036,"MFULENI CLC - C/O TOKWANA AND NQUBELANI, EXTENSION 6, MFULENI",812
1037,1037,"MGI Bass Gordon GHF - 1 Long Street, Cape Town City Centre, Cape Town, 8001",468
1038,1038,"MHONKO'S WASTE AND SECURITY SERVICES CC - 5 Lincoln Street, Bellville, Western Cape, South Africa.",675
1039,1039,"MIDDELPLAAS - MIDDELPLAAS, PORTERVILLE, PORTERVILLE",400
574,574,"MIKES AUTO ELECTRICAL CC (Tokai) - 217 Main Road, Tokai, CAPE TOWN, 7945",634
1040,1040,"Mills Litho - Cnr 11th Avenue & Nyman Street, Kensington",302
1043,1044,"Milpark Business School - 2nd Floor Sunclare Building 
Cnr Protea & Dreyer Rds
Claremont
Cape Town
7708",265
1045,1044,"Milpark Business School (Pty) Ltd - 2nd Floor Sunclare Building 
Cnr Protea & Dreyer Rd s Claremnt 
Cape Town
7708",499
1044,1044,"Milpark Business School (Pty) Ltd - 2nd Floor Sunclare, Corner Protea and Dreyer Roads, Claremont, Cape Town, 7708",499
1046,1044,Milpark Education (Pty) Ltd - Dryer and Protea Roads Claremont Cape Town Metro Urban 7735,671
1048,1048,"Mind Magic Consulting - 275 Victoria Road, Salt River, Cape Town",432
1049,1049,"MKHANGELI ALC - IMBASA PRIMARY, C/O NEW EISLEBEN ROAD, OLD CROSSROADS",485
1050,1050,"MKHANYISELI CLC - MKHANYISELI PRIM SCHOOL, TERMINUS ROAD, K.T.C, NYANGA",550
590,590,"Molokutho Engineering Holding (Pty) Ltd T/A MTA - Mitchells Plain Training Academy (MITCHELLS PLAIN) (TP) - Denel Site, 100 Swartklip Road, MITCHELLS PLAIN, 7785",573
1057,1057,"Moore Stephens Management Services (Pty) Ltd - 3rd & 4th Floor, The Gateway,
Century Way, Century Cit  7441",352
1058,1058,"MOORREESBURG CLC (MOVOS) - HOOF STRAAT, MOORREESBURG, MOORREESBURG",174
1059,1059,"MORGENSTER (BALCO) - THE FARM, SAMANTHA ROADS, MITCHELLS PLAIN",347
1060,1060,"MOSSELBAY CLC - MAYIXHALE STREET, KANONQABA, MOSSELBAAI",545
606,606,"MOTOR ELECTRODIESEL SERVICE (PTY) LTD (MOTOLEK) (Epping) - 2 Gunners Circle, Epping, CAPE TOWN, 7460",517
1061,1061,Mpact Kuilsriver - 14 Fabriek Street,737
614,614,"MTD MANUFACTURING ENGINEERING (PTY) LTD T/A MICRO TOOL & DIE (Faure) - Erf 585 - Old Faure Road, Faure, SOMERSET WEST, 7131",247
1063,1063,"MZAMOMHLE ALC - SAGOLODA STREET, BROWNS FARM, PHILLIP",116
1064,1064,NACCW - 9 220 OTTERY ROAD CAPE TOWN 7800,88
1066,1066,"Namaqua Sands - Trunk Road 85/1, Smelter, Saldanha, 7380",567
1067,1067,Nampak Cartons & Labels (W.C.) - Dacres Avenue,214
1069,1069,"Nampak Cartons & Labels, Gravure - Western Cape - Printpak Building",218
1070,1070,Nampak Corrugated Cape Town - Cnr Hewitt Avenue & Bofors Circle,232
1073,1073,Nampak Flexible Cape - 4 Bayete Street,360
1075,1075,Nampak Laminated & Coated Products - 8 Red Street,460
1076,1076,"NAPIER (NEXT STEP) - RECREATION STREET, BREDASDORP, BREDASDORP",412
1077,1077,Nascence Education - 20 BELLA ROSA STREET CAPE TOWN 7530,596
1079,1079,"NATIONAL DEPARTMENT OF CORRECTIONAL SERVICE - POLLSMOOR PRODUCTION WORKSHOP (Tokai) - Steenberg Road, Pollsmoor Prison Workshops, TOKAI, 7966",279
1080,1080,National Institute for he Deaf - 30 De la Bat Road  WORCESTER,101
1081,1080,"National Institute For The Deaf - National Institute For The Deaf 941 De La Bat Road,30 Worcester Breede Valley Urban 6849",3
1084,1084,National Training Institute (NTI) - National Training Institute (NTI) 32 Kommissaris Street Welgemoed Cape Town Cape Town Metro Urban 7535,809
1085,1085,"NEDERBURG CLC - P/A PAULUS JOUBERT, BEUKES STREET, PAARL",568
1088,1088,"Neil Fick Inc - 14 Stockenstrom Street Worcester, 6850, South Africa",750
633,633,"NEILs AUTOCARE (Montague Gardens) - 9 - 4th Street, Montague Gardens, CAPE TOWN",794
1089,1089,Nettex (Pty) Ltd - Philippi Street,598
1090,1090,"NEW HORIZON - GEELHOUT WEG, NEW HORIZON, PLETTENBERG BAY",310
4,4,"Nexia Cape Financial Services CC - B4 Century Square 
Heron Crescnt 
Century C 
7441",536
6,6,"NISSENVILLE - Van Eycklaan, Ladismith Sekonder, LADISMITH",787
7,7,"NOLUNGILE ALC - INTKANGANISO HS, NJONGO STREET, KHAYELITSHA",815
8,8,"NOLUTHANDO SCHOOL FOR THE DEAF - LANSDOWNE ROAD, SITE B, KHAYELITSHA",62
640,640,"Noluthando Training Industries (CAPE TOWN) TP - Jef Masemola Road, Greenpoint , Khayelitsha,Â 7784",756
9,9,"NOMZAMO CLC - A.C.J PHAKADE PRIM, NOXOLO STEET, STRAND",208
11,19,Northlink (Bellville) - Bellville Campus Sackson Street BELLVILLE SOUTH 7530,690
13,17,"Northlink Belhar - Proton Street, Belhar, 7493",211
653,20,"Northlink College - Bellville Campus (BELLVILLE) (TP) - 80 Voortrekker Road, BELLVILLE, 7530",5
14,20,Northlink College - Belville Campus - Mimosa,425
662,15,"Northlink College - Wingfield Campus (BELLVILLE) (TP) - 80 Voortrekker Road, BELLVILLE, 7530",617
15,15,"Northlink College - Wingfield Campus (GOODWOOD) (DTTC) - Vanguard Drive, Wingfield Navy Base, Goodwood, 7460",180
20,20,Northlink FET College - 80 Voortrekker Road Bellville,574
21,21,Northlink FET College - 80 Voortrekker Road Bellville South 7530,574
18,18,Northlink FET College - Connaught Road Parow Valley 7503,574
22,18,Northlink FET College - Parrow Campus Connaught Road Parow,574
17,17,Northlink FET College - Proton Road Belhar7493,574
16,16,Northlink FET College - Rothschille Boulevard Panorama 7500,574
19,19,Northlink FET College - Sackson Street Bellville South 7530,574
23,23,Northlink FET College - Vanguard Drive Goodwood 7460,574
24,17,"Northlink FET College: Belhar Campus (Pending NATC Approval) - 1 Proton Road, Cape Town",627
25,19,"Northlink FET College: Belville Campus (Pending NATC Approval) - 1 Sackson Street, Belville South, 7530",318
26,15,"Northlink FET College::Wingfield Campus (Pending NATC Approval) - Vanguard Drive, Wingfield Navy Base, Goodwood, 7460",763
27,15,NORTHLINK TVET COLLEGE - Vanguard Drive Wingfield Navy Base GOODWOOD 7460,341
28,28,NOVICE H E T SERVICES - 4 DELFT STREETMALIBU VILLAGEBLUE DOWNS 7100,411
29,32,NQTAC - Cape (Pty)Ltd - 33 York Street  George,209
32,32,NQTAC - Cape (Pty)Ltd - 95 York Street  George,209
30,32,NQTAC - Cape (Pty)Ltd - 95 York Street  George,209
33,32,NQTAC - Cape (Pty)Ltd - 95 York Street  George,209
35,35,"OBIQUA CORRECTIONAL SERVICES - KRUISVALLEI ROAD, OBIQUA, TULBAGH",402
36,36,"OCEAN VIEW ALC - HYDRA AVENUE, OCEAN VIEW, FISH HOEK",170
37,37,Old Mutual South Africa - ,727
38,38,"OLIFANTSRIVIER VOLWASSE ONDERRIG SENTRU - HOERSKOOLWEG, VREDENDAL NOORD, VREDENDAL",151
40,40,Omega Art Print - 19 Section Street,323
41,41,Omni HR Consulting Pty Ltd t/a Omni HRC - SUITE 101 BUILDING 20 KOTZEE ROAD WAVERLEY BUSINESS PARK MOWBRAY 7700,367
43,43,Omni Learning Pty Ltd - Suite 101 Bldg 20 Waverley Business Park Kotzee Road Mowbray 7700,42
44,44,On the Ball Computers - Barry Streek House 19 Loop Street Cape Town Western Cape 8001,720
47,47,Operation Upgrade Early Childhood Development Project - Ladywood Drive  Ladywood Plettenburg Bay 6600,99
48,49,Operational Process Improvements ( OPI) - Operational Process Improvements ( OPI),362
49,49,"Operational Process Improvements (Pty) Ltd - 19 Hawk Cres Table View, Western Cape, 7441 South Africa",614
50,50,"Optimum Learning Technologies (Pty) Ltd - Block D, Belvedere Office Park, Bella Rosa Street Durbanville Cape Town 7460",486
51,51,"Orbis Security Solutions Pty Ltd - Muller Bldg, Gabriel Rd, Plumstead, Cape Town, 7800",479
53,53,"ORCHARD ALC - ORCHARD PRIMARY, DE DOORNS, DE DOORNS",651
54,54,"Otis (Pty) Ltd (MOWBRAY) (TP) - The Waverley - Unit 23A, Koetzee Road, Mowbray, CAPE TOWN, 7700",672
55,55,"OUDTSHOORN CLC - SPRINGBOK AVENUE, BRIDGTON, OUDTSHOORN",546
56,56,"OUDTSHOORN CORRECTIONAL SERVICES - OUDTSHOORN CORRECTIONAL SERVIC,VICTORIA STREET, OUDTSHOORN",271
57,57,"OVERBERG CLC - MEYERLAAN, MEYERSENTRUM, GENADENDAL",515
58,58,"OVERSTRAND CLC - CHURCH STREET, HAWSTON, HAWSTON",583
59,59,Overstrand Skills Training Network - 0,132
707,707,"OWENS AUTO (Epping Industria) - 99C Bofors Circle, EPPING, 7460",93
60,60,"Oxbridge Academy (Pty) Ltd - 19A Oewerpark, Rokewood Avenue
Stellenbosc 
7613",393
63,63,"PAARDEBERG CORRECTIONALSERVICES - STAART VAN PAARDEBERG, AGTER PAARL, PAARL",635
64,64,"PAARDEKRAAL - LONG STREET, PORTERVILLE",791
66,66,Paarl Coldset (Paarden Eiland) - Lynx Street,102
67,67,Paarl Coldset Noordwes Drukkery - Olen Laan 11,656
68,68,Paarl Labels - 22 Oosterland Street,173
70,70,Paarl Litho Printers - Rheebok Slot,103
72,72,Paarl Media Academy - 10 Freedom Drive,47
74,72,Paarl Media Cape - Freedom Way,319
77,77,Paarl Media Paarl - 22 Osterland Street,747
79,79,Paarl Post Media(Pty)Ltd - 8 Jan Van Riebeeck Road,90
83,83,"PARKDENE-PACALTSDORP CLC - ATKINSON MANOR, MISSION STREET, PACALTSDORP",770
84,84,PARMALAT SOUTH AFRICA (PTY) LTD STELLENBOSCH - 60 Ring Rd Industria,350
85,85,PC Training & Business College - ,221
86,86,"PC Training and Business College (Pty) Ltd - 49 St Georgeâ€™s Mall, Corner Castle Street & St Georgeâ€™s Mall, Cape Town, 8000",194
87,87,"PEARLY BEACH ALC - PEARLY BEACH COMMUNITY HALL, PEARLY BEACH, PEARLY BEACH",639
91,91,"PELANDABA CLC - TYHOLORHA PRIMARY, SANDKRAAL ROAD, GEORGE",304
92,92,"PEOPLE FOR CHRIST MINISTRIES CLC - RANGE STREET, THE RANGE, ELSIES RIVER",541
756,756,"PERCKLEEN DRY CLEANERS cc T/A AIRPORT AUTO SERVICES (Airport Industria) - Montreal Drive, AIRPORT INDUSTRIA, 7525",251
93,93,Perishable Products Export Control Board (PPECB) - Perishable Products Export Control Board (PPECB) 45 SILVERBOOM AVENUE PANORAMA Cape Town Cape Town Metro Urban 7506,417
94,94,"PERSEVERANCE ALC - PERSEVERANCE SSS, ALABAMA ROAD, BELHAR",345
96,96,PETRO S A - 151 Frans Conradie Drive PAROW  7500,696
97,97,"PetroSA: Mosselbay - Bill Jeffrey Avenue, Mossel Bay",564
98,98,"PETUNIA - C/O PETUNIA PRIMARY SCHOOL, SCOTTSVILLE, KRAAIFONTEIN",162
99,99,"PHAKAMANI ALC - GUGULETHU COMPREHENSIVE, NY 50, GUGULETHU",441
100,100,Phezukomkhono Training Services - Phezukomkhono Training Services Prince Vincent Building Room 12 c/o Baron Van Reede & Church Street Oudtshoorn Urban 6620,715
101,101,"PHILADELPHIA - MEULENHOF PS, BAKENSTRAAT, PHILADELPHIA",469
103,103,Philani Training and Development Solutions NPC - Aan-de-Wagen Road Stellenbosch 7600,89
104,104,"PHUMELELA ALC - SITHEMBELE MATISO HIGH, KOORNHOOF STREET, NEW CROSSROADS",291
105,105,"PIKETBERG ALC - AANDBLOM STRAAT, P/A STEYNVILLE KOSHUIS, PIKETBERG",216
107,107,"PINOCCHIO CRECHE - RAWSONVILLE PRIMARY SCHOOL, DE NOVA, RAWSONVILLE",456
777,777,Plastics Federation of South Africa (MAITLAND) (TP) - Maitland,322
109,109,"PLETTENBERG BAY CLC - PLETTENBERG BAY SECONDARY SCHO,EBENEZER HIEGHTS, PLETTENBERG BAY",466
110,110,"PLETTENBERG BAY INDUSTRIA - QOLWENI, PLETTENBERG BAY",426
111,111,"POLLSMOOR PRISON - DCS POLLSMOOR EDUCATION, STEENBERG ROAD, TOKAI",154
112,112,PolyGraphics - 15 B Mail Street,457
114,114,PolyPak (Pty) Ltd - 10 Station Road,381
117,117,"PORTERVILLE CLC - LANGSTRAAT, PORTERVILLE, PORTERVILLE",467
118,118,"PORTLANDS CLC - C/O MORGENSTER & MERRYDALE AVE,PORTLANDS, MITHCHELL'S PLAIN",256
799,799,"PRECISION PRODUCTION (George) - Clay Street, GEORGE, 6529",732
806,806,"PREMIER AUTO - STELLENBOSCH (Stellenbosch) - 100 Bird Street, STELLENBOSCH, 7600",678
121,121,"Prestige Academy (Pty) Ltd - 1023 Bank Avenue, Centurion, 0157",226
122,122,"Prestige Academy (Pty) Ltd - DJ Wood Avenue, Bellville Business Park, Corner Voortrekker Street & Mike Pienaar, Bellville, 7530",226
123,123,"Pricewaterhousecoopers - Cape Town, Paarl, Stellenbosch, Worcester",752
124,124,"PRINCE ALFRED'S HAMLET - LYELL STREET, HAMLET, CERES",447
125,125,Printafoil (Pty) Limited - 21 Warrington Road,813
126,126,"Printbind Cape (Pty)Ltd - Unit 4,Graphtek Park 23 Techno Crescent",293
128,128,Printech Engineering - 43 Mansell Avenue,576
819,819,"PRO FAB ENGINEERING (Saldanha) - Saldanha Steel Site, SALDANHA",85
826,826,PRO FAB ENGINEERING (Vredenburg) - Marais Industrial,176
130,131,"Procedo Training - Unit 7 Prodev Park, Langenegger Street, Gangs Centre",533
131,131,"Procedo Training Providers (PTY)LTD - Unit 8 Pro Dev Park, Langenegger Street, Gants Centre, Strand, Cape Town, 7140",219
132,131,Procedo Training Providers cc - Unit 8 - Pro Dev Park Langenegger Street Gants Centre Strand 7140,328
133,131,"PROCEDO TRAINING PROVIDERS CC (Strand)(DTTC) - Pro Dev Park Unit 8, Langenegger Street, Strand, 7140",735
134,131,"Procedo Training Providers Pty Ltd - Unit 7, Pro Dev Park, Langenegger Street Gants Centre, Strnd",202
841,841,"Production Management Institute of Southern Africa (Pty) Ltd (BELLVILLE) (TP) - 75 Silverton Road, Durban, 4001",317
136,136,"Production Management Institute of Southern Africa (Pty) Ltd (PMI) - First Floor, Bellville Mall, Cnr. Bill Bezuidenhout & Voortrekker Road, Bellville, 7530",104
137,137,"PROEFPLAAS - PROEFPLAAS COMMUNITY HALL, OUDTSHOORN, OUDTSHOORN",217
138,138,"PROSPECT CLC - THUSONG BUILDING, PADDY STREET, ROBERTSON",623
140,140,PROSPERITAS TRAINING COLLEGE T/A VISION COLLEGE SA - 8 MURRAY ST  GOODWOOD,433
850,850,"PROTECH TRAINING (Somerset West)(TP) - 4 Lanta Street, SOMERSET WEST, 7130",2
142,142,"PROTEM - PROTEM PLAAS, PROTEM, BREDASDORP",94
146,147,Pyrotec - Lakeshore Road,784
147,147,Pyrotechnical Marketing (Pty) Limited - Lakeshore Road,551
148,148,Qondisa Education and Training Project - 18 CAPITAL DRIVE  TEMBANI KHAYELITSHA 7791,56
149,149,"QUALITY PLASTICS (PTY) LTD (Epping) - Unit 4 - 5, Evans Avenue, EPPING I",569
150,150,"QUEENS WAREHOUSE - c/o LONG and WATERFRONT STREET,KNYSNA, KNYSNA",771
152,152,"QUINTESSENTIAL SECURITY CC - UNIT 10, ALEXWAY COMPLEX, N0 5 ROMAN CLOSE, HERMANUS. SOUTH AFRICA",332
153,153,"RAVENSMEAD CLC - NEBO PRIMARY, STROEBEL STREET, RAVENSMEAD",260
154,154,Reach Out Vegetable Cultivation & Training Centre - Reach Out Vegetable Cultivation & Training Centre Mossie Street 51 Peerless Park North Cape Town Cape Town Metro Urban 7570,203
890,890,"REACHOUT ENGINEERING & MECHANICAL LABOUR ADMIN CC T/A REACHOUT (Phillippi) - 66B Lansdowne Road, Crossroads, PHILLIPPI, 7785",798
156,156,"Red and Yellow School of Logic and Magic (Pty) Ltd - 40 Sir Lowry Road, Cape Town, 8000",470
157,157,Red Square Hair Academy - GEORGE,421
158,158,"REDELINGHUYS SATELLIET - REDELINGHUYS PRIMARY, CHRIS MATTHUS AVENUE, REDELINGHUYS",745
903,903,"REEDS MOTORS TABLE VIEW (PTY) LTD (Table View) - Cnr Blaauwberg & Koeberg Roads, TABLE VIEW, 7441",258
160,160,"Regent Business School (Pty) Ltd - 99 Stadium on Main Road Claremont, 2nd Floor",31
159,160,Regent Business School (Pty) Ltd t/a Regent Business School - 2nd floor Stadium on Main 99 Main Rd Claremont,577
161,161,"Reko Rekenmeesters Ingelyf - 53 Main Rd,
Vredenbug, 
7380",497
162,162,"RIEBEECK KASTEEL - POP CENTRE, RIEBEEK KASTEEL, MALMESBURY",416
163,163,"RIEBEECK-WES - POPCENTRE, MERINOL STREET, RIEBEECKWES",659
164,164,"RIETPOEL - DISALAAN, RIVIERSONDEREND, RIVIERSONDEREND",73
165,165,"RIETVLEI - LYELL STREET, CERES, CERES",451
166,166,"RIVERLANDS CLC - RIVERLANDS PRIMER, ATTAWAY, RIVERLANDS",697
167,167,"RIVERSDAL GELETTERDHEIDSTIGTING - PANORAMA PRIMARY, VAN DER BERG STRAAT, RIVERSDAL",273
168,168,"RIVIERSONDEREND LITERACY CENTRE - DISALAAN, RIVIRSONDEREND, RIVIERSONDEREND",667
169,169,"ROBERTSON GEMEENSKAP LEERSENTRUM - THUSONG BUILDING, PADDY STREET, ROBERTSON",491
170,170,"ROBERTSON PRISON - C/o VAN OUDTSHOORN STREET, CORRECTIONAL CENTRE, ROBERTSON",286
171,171,"ROCKLANDS - ROCKLANDS PUBLIC LIBRARY, PARK AVENUE, MITCHELLS PLAIN",305
173,173,"ROSA GELETTERHEIDSENTRUM - OVERHEX COMMUNITY HALL, OVERHEX, WORCESTER",7
175,175,Rotolabel (TVL) (Pty) Ltd - 36 Thor Circle,160
413,413,"RR VAN RENSBURG T/A DOLPHIN MOTORS (Oudtshoorn) - 187 Langenhoven Road, OUDTSHOORN, 6620",695
178,178,RSA Litho - 71 Stewart Street,438
179,179,"RUST STASIE - Ruststasie Prim, MOORREESBURG, MOORREESBURG",223
181,181,"Ruth Prowse School of Art NPC - 5 Elson Road, Top of Birkdale Avenue, Woodstock, Cape Town, 7295",712
182,182,"RUYTERWACHT CLC - ZERILDA STEYN HALL, VAN RIEBEECK, RUYTERWACHT",816
414,414,"RW MAGSON & SON T/A OLIVIERS GARAGE (Strand) - 15 Mynhardt Street, Gants Centre, STRAND, 7140",443
184,184,SA College of Home Study (Pty) Ltd - Roodebloem Office Park 20 Bella Road Rosenpark Bellville 7530,739
185,185,Sa Fine Worsteds - 68 7th Ave,331
186,186,"SA German Training Services - Triangle House, 13th Floor
22 Riebeek Street
Cape To 8001",373
187,187,SA Litho Printing & Packaging - Cnr Caxton & Duminy Street,179
189,189,"SAB & T Chartered Accountants Inc - First Floor, SAB&T House, Cnr Birmingham & Canterbury Road, N1 City, Goodwood, 7460",578
190,190,SAB NEWLANDS - 3 Main Rd  Newlands,547
191,191,Safepak(Pty)Ltd - 16 Old Mill Road,227
192,192,"SAFICON INDUSTRIAL EQUIPMENT T/A TOYOTA FORKLIFT (Parow)(DTTC) - 25B Junction Street, Tygerberg Business Park, Parrow, 7532",799
193,193,"SAKHISIZWE CLC - UKHANYO PRIMARY, POKELA ROAD, MASIPHUMELELE",512
194,194,"SAMORA MACHEL CLC - NALUXOLO PRIMARY, HELEN JOSEPH STREET, SAMORA MACHEL",358
415,415,"Samsons School of Welding T/A Samsons Skills Development Institute (PHILLIPI) (TP) - 460 Chris Hani Road, Briardene, DURBAN, 4000",462
195,195,"SANDHILLS ADULT LEARNING CENTRE - SANDHILLS PRIMER, SANDHILLS, DE DOORNS",772
417,417,"Sandown Motor Holdings (Pty) Ltd - Montague Gardens, Cape Town (MONTAGUE GARDENS) (TP) - Cnr Montague Drive & Freedom Way, Montague Gardens, CAPE TOWN, 7444",63
418,418,"SANDOWN MOTOR HOLDINGS (PTY) LTD T/A EIKESTAD MOTORS (Milnerton)NOT ACTIVE - Cnr Koeberg Road & Bosmansdam Road, MILNERTON",793
419,419,"SANDOWN MOTOR HOLDINGS (PTY) LTD T/A ORBIT MOTORS N1 CITY (N1 City)NOT ACTIVE - Giel Basson Road, N1 City, GOODWOOD",502
198,198,Sanlam Limited - ,276
199,199,"SAO BRAS SECONDARY ALC - MOSSEL STREET, DALMEIDA, MOSSEL BAY",4
200,200,"SARON - PETUNIA STRAAT, ONRUS, SARON",353
201,201,Sasko Pasta (Pty) Ltd - 11 Fabriek St Malmesbury,12
202,202,"SATURNUS - ARNOLD DE JAGER ROAD, TOEKOMSRUS, OUDTSHOORN",453
203,203,"Savanna College - 13 Blankenberg Street, Belle Cape Building, Bellville,7530",212
205,205,"SBV SERVICES - No 17 8th Street, Cnr 11th Avenue and 8th Street, Houghton",26
207,207,"SCHOEMANSHOEK - VGK KERKSAAL, SCHOEMANSHOEK, OUDTSHOORN",398
208,208,"SCHOONSPRUIT SECONDARY (ALC) - DARLING WEG, SCHOONSPRUIT, WESBANK",130
420,420,"SCHWARTE ENGINEERING (PTY) LTD (Paarl) - 38 Textile Street, PAARL",27
209,209,"SDK Chartered Accountants - 22 Church Street, Durbanville, 7550",640
210,210,SEA HARVEST CORPORATION PTY LTD - GOVERNMENT JETTY FISHING HARBOUR,716
211,211,SED Printing Solutions (Pty) Ltd - 50 A Junction Street,300
213,213,"SEDERBERG ALC - UC CHURCH, BUITEKANT STRAAT, CLANWILLIAM",75
214,214,"SELECTA SEA PRODUCTS (PTY) LTD - Lanzerac Road Phillipi, Industria",765
215,215,"SEPTEMBERSKRAAL - SEPTEMBERSKRAAL, PORTERVILLE, PORTERVILLE",252
217,217,"SHARE ALC - VICTORIA CENTRE, VICTORIA STREET, SOMERSET WEST",707
218,218,"SHILOH EDUCATION AND TRAINING ACADEMY - GREATMORE STREET, WOODSTOCK, CAPE TOWN",523
219,219,Shumani Printers - 5 Koets Street,290
221,221,"SIFUNULWAZI ALC - MARCONI BEAM PRIMARY, DEMOCRACY DRIVE, MILNERTON",664
222,222,"SIJONGA-PHAMBILI CLC - PENZANCE AVENUE, HOUT BAY, HOUT BAY",288
223,223,"SIKELELA CLC - SIKELELA PRIM, LANSDOWN ROAD, NYANGA EAST",650
224,224,Sikhula Agri Training - Sikhula Agri Training 2 Hurst Place Somerset West,289
225,225,Silulo Ulutho Technologies - 0,496
227,227,SILVER SOLUTIONS TRAINING ACADEMY - 12 Dahlia Street White City,494
229,229,"SIMONDIUM VOLWASSE ONDERWYSSENTRUM - SIMONDIUM PRIMER, HOOFSTRAAT, SIMONDIUM",354
230,230,"SIMUNYE ALC - DELFT PRIMARY, VOORBRUG, DELFT",487
231,231,"SIR LOWRYS PASS CENTRE - SIR LOWRY'S PASS PRIM, GORDONS BAY ROAD, GORDONS BAY",429
232,232,"SIYAFUNA UKUFUNDA CENTRE - BOSDUIFSTRAAT, BITTERWATER, LEEU-GAMKA",638
234,234,"SIYAKHANYISA CLC - TREVOR MANEUL PRIMARY, SIERA STREET, FISAANTEKRAAL, DURBANVILLE",810
235,235,"SIYAKHUTHAZA CLC - THUSONG BUILDING, PADDY STREET, ROBERTSON",336
422,422,Siyathembana Trading 46 (Pty) Ltd (CAPE TOWN) (Non Merseta TP) - ,308
237,237,"SIYAZAMA ALC - EAGLE STREET, SITE C, KHAYELITSHA",506
240,240,"SLANGHOEK ALC - C/O SLANGHOEK PRIMARY, DRIEFONTEIN, RAWSONVILLE",619
242,242,"SLOT VAN PAARL - SLOT-VAN-PAARL FARMS, AGTER - PAARL, PAARL",78
423,423,"SMITH & FAULDS T/A RC AUTO ELECTRIC (Bellville) - 14 Boulevard Park, BELLVILLE, 7530",320
243,243,"SNAP SOLUTIONS NETWX PTY LTD - 244B Voortrekker Road, Parow 7500",114
244,244,Social Impact Ministry Sikhula Sonke - 22 Cavendish Road Claremont Cape Town 7708,559
245,245,"SOETENDAL ALC - HERMONWEG, WELLINGTON, WELLINGTON",405
246,246,"SOETMELKSVLEI - DISALAAN, RIVIERSONDEREND, RIEVIERSONDEREND",782
248,248,Sound Interactions CC - Sound Interactions CC 2 St Geran Village Radar Close Cape Town Cape Town Metro Urban 7441,95
249,249,"South African ABET Development Agency SAADA - SAADA House, 27 Rabe  Street, Polokwane 0699      015 295 9670/ 015 291 4998",224
424,424,"SOUTH AFRICAN ASTRONOMICAL OBSERVATORY (Observatory) - Observatory Road, OBSERVATORY, 7945",294
250,250,"South African College of Applied Psychology (Pty) Ltd (The) - 1St Floor, Sunclare Building, 21 Dreyer Street, Claremont, 7708",315
253,253,"South African School of Motion Picture Medium & Live Performance (Pty) Ltd  t/a AFDA (The) - 18 Lower Scott Road, Observatory, Cape Town, 8000",157
254,254,South Cape College - 125 Mitchell Street  George,454
256,256,South Cape College - George - Courtney & Joubert Streets,389
255,254,South Cape College - South Cape College 125 Mitchell Street GEORGE George Urban 6530,454
425,256,"South Cape College (GEORGE) (TP) - Cnr Courtenay & Cradock Streets, Tommy Joubert Building (South), GEORGE, 6530",195
261,261,South Cape FET College - 46 Hibernia Street George 6529,377
263,263,South Cape FET College - Adderley Street Oudtshoorn 6620,377
258,258,South Cape FET College - C/o Essenhout & Kreupelhout Streets Heiderant MOSSEL BAY 6511,377
262,262,South Cape FET College - Cnr De Vries & Van Schalkwyk Streets Beaufort West 6970,377
257,257,South Cape FET College - Community Development Centre (Kwa-Nokuthula) N2 Opposite Christian School Plettenberg 6600,377
260,260,"South Cape FET College - Varkevisser Street, Riversdale, 6670",377
264,264,"SOUTHERN SUBURBS YOUTH ACADEMY - ACACIA ROAD, GRASSY PARK, GRASSY PARK",509
265,265,SPECIAL ASSET PROTECTION SERVICES KRAAIFONTEIN - BOOMPIES STREET PAROW EAST CAPE TOWN 7500,795
266,266,Spectraprint - Basil Crescent,263
267,267,Spilo Pty Ltd - Oosterlang Road,65
426,426,"SPRINGBOK MOTOR REWINDS (PTY) LTD (Springbok) - 4 Koper Street, SPRINGBOK,8420",274
269,269,"ST FRANCIS ALC - NDANENI STREET, LANGA, CAPE TOWN",760
270,270,"ST. ALBANS PRIM ALC - ST. ALBANS PRIMARY, VOORSTRAAT, WELLINGTON",119
271,271,"ST. HELENABAAI CLC - ST HELENABAAI PRIMER, SKOOLSTRAAT, LAINGVILLE",60
272,272,Staffing Direct Training Academy (Pty) Ltd - 2 Gladstone Road Boston Bellville 7530,705
273,272,Staffing Direct Training Academy Pty Ltd - 2 Gladstone Street Boston Bellville Western Cape 7530,725
274,274,STALLION LEARNING CENTRE PTY LTD - 85 George Blake Road Plankenbrug Stellenbosch,586
275,275,"STAWELKLIP PRIMER - STAWELKLIP PRIM, STAWELKLIP, PIKETBERG",702
276,276,"STEENBERG ALC - SYMPHONY AVENUE, STEENBERG, STEENBERG",83
428,428,"STEINHOFF FURNITURE T/A BAKKER & STEYGER (Epping) - 22 Dacres Avenue, EPPING II",489
277,277,"Stellenbosch Academy of Design and Photography (Pty) Ltd - 41 Techno Road, Techno Park, Stellenbosch, 7600",282
278,278,"STELLENBOSCH CLC - LUCKHOFF SEN SEC, BLOEKOM AVENUE, STELLENBOSCH",36
279,279,"STELLENBOSCH PREMIER MANUFACTURERS T/A STELLENBOSCH NACO (Stellenbosch) - 8 Stoffel Smit Street, STELLENBOSCH, 7599",175
280,280,"STEYNVILLE SEKONDER - AANDBLOM STREET, STEYNVILLE HOSTEL, PIKETBERG",245
281,281,"STORMSVLEI - DISALAAN, RIVIERSONDEREND, RIVIERSONDEREND",253
283,283,"SUNNYSIDE GELETTERHEIDSENTRUM - THUSONG BUILDING, PADDY STREET, ROBERTSON",76
429,429,"SUPREME CYLINDERS (Beaconvale) - 27 Tredoux Street, Beaconvale, PAROW",39
284,284,Supreme Skills Academy (Pty) Ltd (Goup Indigo) - 42 Bloumhof Street Oakdale Belliville 7535,646
285,285,Sustainability Institute Trust: Learning For Sustainability - Lynedoch Development R310 Lynedoch Stellenbosch 7603,658
286,286,"Swartland Boudienste (Edms) Bpk - Kotze Street Moorreesburg, 7310",67
287,287,"SWELLENDAM SECONDARY ALC - ANDREW WHYTESSTRAAT, SWELLENDAM, MONTAGU",37
289,289,SWIFT MICRO LABORATORIES (PTY) LTD - 7 Warrington Street Claremont,676
291,291,"Tenk Loubser (Cape Town) Ingelyf - Old Oak Office Park
C/O Old Oak & Durban Roa d
Bellville, 7530",552
293,293,The Automobile Association of South Africa T/A AA Training Academy (PAROW) (DTTC) - Steelbank Complex,57
294,294,"THE CAPE SHOOTING ACADEMY WC - KABACH BUILDING, 119 MAIN RD, PLUMSTEAD, WYNBERG, Western Cape, South Africa",213
295,295,"THE CRAGS - CRAGS PRIMARY, SKOOL STREET, THE GRAGS",543
296,296,The Educo Trust of Africa - 7 DALEGARTH ROAD  PLUMSTEAD WESTERN CAPE 7800,599
297,297,THE FRESH FOODS ACADEMY (PTY) LTD - 32 Benbow Avenue Epping Industria,246
298,298,The Fundamentals Training Centre - 17 Garland Dale Crescent  Garland Dale Athlone Cape Town 7764,694
302,302,THE SOUTH AFRICAN SCHOOL OF PARALEGAL STUDIES - Greenwich Grove â€“ Station Road 7700 Rondebosch,355
303,303,The Water Academy - 66 Main Road 1st Floor Office 4 Knysna 6570,471
304,304,"THEMBALETHU - THEMBALETHU WORKSHOP, GUGULETHU, GUGULETHU",774
305,305,"Theron Du Plessis Helderberg - 13 Octofin House
Fairways Office Park
Somerset West, 7130",134
306,306,Thunderbolt Solutions (Pty) Ltd - 11 Techno Crescent,403
310,310,TLN Human Performace Systems (Pty) Ltd - 19 Andries Pretorius Street Somerset West 7130,534
311,311,"TOORKRANS - TOORKRANS, PORTERVILLE, PORTERVILLE",215
434,434,"Torque Technical Computer Training (Pty) Ltd T/A Torque-IT (CAPE TOWN) (Non Merseta TP) - 1A Station Road, Montague Gardens, CAPE TOWN, 7741",244
313,312,Tourism and Business Institute of SA - 12 Liesbeek Avenue Off Liesbeek Parkway  Mowbray,472
312,312,Tourism and Business Institute of SA - 12 Liesbeek Avenue Off Liesbeek Parkway  Mowbray,472
314,314,TOURIST GUIDE INSTITUTE - 72 Duminy Street   Vredelust Bellville,653
315,315,"TOUWSRIVIER GEMEENSKAP ONDERWYSSENTRUM - DIE KRUINE SEKONDERE SKOOL, SKOOL STRAAT, TOUWSRIVIER",419
320,320,"Training Force (Pty) Ltd - Sacks Cir, Van Der Bijl St, Sacks Circle, 7530",48
435,435,"Training Force (Pty) Ltd (CAPE TOWN) (TP) - 11 Wellington Road, Parktown, Johannesburg, 2193",121
322,322,Trident Press (Pty) Limited - Old Railway Parcel Building,602
324,324,Triple C Repro & Print - 16 Strawberry Mall,233
328,328,"TSIBA Education NPC - Mupine: 307 Forest Drive Extension, Pinelands, 7504",306
329,329,TSK Projects - 100 Northern Parkway  2nd Floor - Block D  Crownwood Officepark  Ormonde - Johannesburg,590
330,330,"TULBAGH ALC - LYELL STREET, CERES, CERES",20
331,331,Two A Day Group (Pty) Ltd - Two A Day Group (Pty) Ltd 1 Villiersdorp Rd Grabouw Overstrand Urban 7160,155
332,332,"TYGERBERG HOSPITAL - TYGERBERG HOSPITAAL, FRANSIE VAN ZYL LAAN, PAROW",283
333,333,"UITZIG SECONDARY ALC - UITZIG SECONDARY, JACARANDA AVENUE, UITSIG",413
335,335,"UKETSHA SECURITY SERVICES - Seaboard House 235 Blaauwberg Road TableView, 7441",501
336,336,Ukuphela Training cc - 22 AKASIA STRAAT GEORGE 6529,661
337,337,"UMTHA WELANGA ALC - SAGWITYI STREET, PHILIPPI, PHILIPPI",539
436,436,"United Controls & Air Conditioning (Cape) T/A Techniskills Training (CAPE TOWN) (TP) - 1A Station Road, Montague Gardens, CAPE TOWN, 7741",503
338,338,"University of Cape Town - Rondebosch, Cape Town 7700",254
339,339,"University of Stellenbosch - Stellenbosch Central, Stellenbosch 7600",348
340,340,"University of Western Cape - Robert Sobukwe Rd, Bellville, Cape Town 7535",647
343,343,"VAN CUTSEM CLC - PEOPLE'S CENTRE, DE DOORNS, DE DOORNS",560
437,437,"VAN REENEN ENGINEERING ENTERPRISES cc (Rooiels) - 128 Rocklands Road, ROOIELS",139
344,344,"VAN RHYNSDORP CORRECTIONAL SERVICES - KERK STRAAT, VAN RHYNSDORP, VAN RHYNSDORP",624
345,345,"VAN RHYNSDORP VEELDOELIGE SENTRUM - MANDELA STREET, MASKAMSIG, VAN RHYNSDORP",603
346,346,"VAN WYKSDORP - Van Wyksdorp Primer, Skoolstraat, LADISMITH",407
347,347,"VAN ZYLSDAMME - VAN ZYLS DAM FARM, GAMKA EAST, LADISMITH",691
348,348,"VELDDRIFT - NOORDHOEK PRIMARY, NOORDHOEK STREET, LAAIPLEK",521
438,438,"VERSAPAK (PTY) LTD (Daljosaphat) - Oosterland Street, Daljosafat, PAARL, 7646",563
349,349,"VETUS SCHOLA PROTECTION SERVICES (PTY) LTD - Head Office 3 High Street, 3rd Floor, Rosenpark, Bellville, 7530",156
351,351,"VILLIERSDORP VOLWASSE ONDERRIG EN OPLEI - OU KOSIE DE WET PRIMER, BUITEKANT STREET, VILLIERSDORP",186
352,352,"Vineyard Academy - Vineyard Academy Manor House, Nietvoorbij Farm R44 Arterial Road, Stellenbosch Urban 7599",570
353,353,"VLAKTEPLAAS - VLAKTEPLAAS, VLAKTEPLAAS, OUDTSHOORN",510
439,439,Volkswagen Group South Africa Training Academy (Cape Town) (TP) - ,492
354,354,"VOORBERG MEDIUM B ALC - VOORBERG CORRECTIONAL SERVICE, PORTERVILLE, PORTERVILLE",231
355,355,"VOORBRUG ALC - DELFT PRIM SCHOOL, VOORBRUG AVENUE, DELFT",284
356,356,"VREDELUS HOUSE PLACE OF SAFETY CLC - VESTUS STREET, LEONSDALE, ELSIES RIVER",711
358,358,"VUKANI ADULT LEARNING CENTRE - SINQOLAMTHI ROAD, LOWER CROSSROAD, PHILLIPI EAST",625
359,359,"VUYISILE ALC - SIYAFUNEKA PRIMARY SCHOOL, ZWELETEMBA, WORCESTER",500
360,360,"WAREHAM & ASSOCIATES (PTY) LTD - 2 Thorpe Close Corner Thorpe Close/Zwaanswyk Road, entrance in Zwaanswyk Road",594
361,361,"Webb Accounting CC - 25 Saint James Street, Audas Estate, Somerset West, 7130",307
362,362,"WELLINGTON ALC - OLD CLINIC, HOSPITAL ROAD, WELLINGTON",165
363,362,"WELLINGTON COMMUNITY LEARNING CENTRE - HOSPITAL STREET, OLD CLINIC, WELLINGTON",714
364,367,WEST COAST COLLEGE - VREDENBURG CAMPUS (Vredenburg)(DTTC) - VREDENBERG,81
441,369,"West Coast College (Vredendal Campus) (Vredendal) (TP) - Hoerskool Road, VREDENDAL NORTH, 8160",475
365,366,West Coast College /FET - Clicks Bldg 48 Voortrekker Road Malmesbury 7299,542
367,367,"West Coast FET College - 1 Akademie Street, Louwville, Vredenburg",692
370,370,West Coast FET College - 101 Kerk Street Citrusdal 7340,692
372,372,West Coast FET College - 4 St Thomas Street Malmesbury 7300,692
371,371,"West Coast FET College - C/O Charl Uys Drive and Neil Hare Street, Atlantis Industrial Area",692
366,366,West Coast FET College - Clicks Building 2nd Floor 48 Voortrekker Road Malmesbury 7300,692
369,369,"West Coast FET College - HoÃ«rskool Road, Vredendal",692
373,371,"West Coast FET College (Atlantis) (DTTC) - Charl Uys Drive, Atlantis Industria",235
442,367,"West Coast FET College (VREDENBURG) (TP) - 1 Academy Street, VREDENBURG, 7380",51
374,374,West Coast Hair Academy Pty Ltd - Heuningklip Street Vredenburg Cape Town 7380,329
375,367,"WEST COAST TVET COLLEGE - 5 Fabriek Street, Vredenburg, 7381",654
376,376,"WESTBANK LIFE LONG LEARNING CENTRE - WESTBANK HIGH SCHOOL, BEAVER STREET, KUILS RIVER",427
377,377,"Westco Agri Training - Westco Agri Training Oktagebou, Waterkantskraai Vredendal",126
378,378,Western Province Caterers (pty) Ltd - 5 Beckham Street  Gardens,70
379,379,"WESTON HOER - PANORAMA PRIMARY, SIXTH STREET, LOUWVILLE",164
380,380,"WESTWOOD-STRANDFONTEIN CLC - SILVERSANDS AVENUE, WESTRIDGE SEC, MITCHELLS PLAIN",50
381,381,"WHITE LOCATION - RHOLIHLAHLA STREET, WHITE LOCATION, KNYSNA",8
383,383,"Wildlife and Environment Society of South Africa - 31 The Sanctuary, Kirstenhof, 7945",544
384,384,"WILLEMVALLEI CLC - TOORKRANS, LOURIW STREET, PORTERVILLE",86
444,444,"WILLY GRASER CC T/A STEENBERG MOTORS (Retreat) - 8A Lily Road, RETREAT, 7945",753
385,385,"WINDERMERE CLC - BOSTON STREET, FACTRETON, MAITLAND",796
386,386,"WINDMEUL PRIMÃŠR - CRYGUNS ROAS, WINDMEUL, PAARL",698
387,387,"WINSLEY CLC - WILLIAM TAYLOR AVENUE, BELLVILLE SOUTH, BELLVILLE SOUTH",184
388,388,"WITZENBERG CLC - LYELL STREET, OLD CERES PRIM, CERES",445
446,446,"WKRP ENGINEERING T/A TOOLCO (Stikland) - 2 Ferguson Street, Triangle Farm, Stikland, BELLVILLE",448
389,389,"WOLSELEY (Satellte) - LYELL STREET, HAMLET, CERES",380
390,390,"WOODLANDS COMMUNITY LEARNING CENTRE - ZUURBERG ROAD, HEIDEVELD, HEIDEVELD",11
391,391,"WOODSTOCK CLC - GREATMORE STREET, WOODSTOCK, WOODSTOC",14
392,392,"WORCESTER CLC - GREYSTRAAT, WORCESTER, WORCESTER",278
393,393,"WORCESTER CORRECTIONAL SERVICES - WORCESTER MALE AND FEMALE CENT,C/O DURBAN AND SOMERSET STREET,WORCESTER",641
447,447,"WORCESTER PROJECT MAINTENANCE (Worcester) - 20 Krone Street, Worcester Industria, WORCESTER",41
448,448,"WYNLAND INGENIEURSWESE (Stellenbosch) - 9 Tennant Street, STELLENBOSCH",321
449,449,"Y3K Training cc (CAPE TOWN) (TP) - 130 Victoria Road, Woodstock, CAPE TOWN, 7925",808
396,396,"YOGLOBE - TOMMY JOUBERT BUILDING, COURTNEY STREET, GEORGE",434
450,450,YORK INTERNATIONAL (AIRCONDITIONING) (Maitland) - Maitland,277
451,451,"Zambli220 PTY LTD T/A POWDERMET (Atlantis) - John Vani Niekerk Street, Atlantis",324
397,397,"ZANOKHANYO ALC - MATSHOBA STREET, WALLACEDENE, KRAAIFONTEIN",495
398,398,"ZOAR/AMALIEN STEIN - LB PRIMARY AMALIENSTEIN, ZOAR, ZOAR",555
399,399,"ZOLANI ALC - THUSONG CENTRE, PADDY STREET, ROBERTSON",136
400,400,"ZWELIHLE ALC - SHLOBO STREET, ZWELIHLE, HERMANUS",378
