ORIGINAL ID,NEW ID,primary_institution,website
477,477,21 New Street ,
238,238,2INSPIRE SKILLS TRAINING,
738,738,AAA School of Advertising (Pty) Ltd,
339,339,Abbotsdale,
149,149,Academy for Construction Skills (Pty) Ltd (ACS)?ÿ,
435,435,Academy of Guilds ''design in the making'',
168,168,Academy of People Development Primary Co-operative Limited,
516,516,ADT SECURITY SERVICES PTY LTD CAPE TOWN?ÿ,
766,766,ADVENTURE QUALIFICATIONS NETWORK cc,
631,631,AERODYNE ADVANCED ADVANCED COMPOSITES (PTY) LTD (Stellenbosch),
537,537,Africa Competency Development (Pty) Ltd,
754,754,Africa Skills Training solutions,
401,401,Africa Skills Village,
595,595,Africa Stereos,
621,621,African Resources and Financial Training,
285,285,AG HILL T/A DISA MOTORS WORKSHOP & C V JOINT SPECIALIST (Paarl),
77,77,AG Training and Accreditation Solutions,
507,507,Albertina CLC,
740,740,Alcari Learning Centre ( Pty) Ltd,
236,236,ALEXA SECURITY SOLUTIONS (PTY) LTD?ÿ,
163,163,ALIVE P T L CC,
371,371,ALL DIESEL ENGINE PIPES T/A ADE PIPES (Kraaifontein),
357,357,Allandale Education And Training,
535,535,Allflex Packaging cc,
792,792,Allweld Solutions (Pty) Ltd (MAITLAND) (TP),
778,778,Aloe Community and Leanring Center,
17,17,Alpha ALC,
351,351,ALPHA PRESISIE INGENIEURSWESE (EDMS) BPK (Stellenbosch),
713,713,Alpine Adult Learing Center,
376,376,ALSTOM SATCHWELL CONTROLS (Southern Paarl),
474,474,Altimax (Pty) Ltd?ÿ,
197,197,Amlec Training Centre?ÿ,
337,337,ANCHOR YEAST TECHNOLOGIES PTY LTD_(MEMB VOL LIQ),
91,91,ANDRE ENGELBRECHT ENGINEERING cc (Stikland),
167,167,Anne Pienaar Primer,
143,143,APL Cartons (Pty) Ltd,
408,408,APPLETISER MANUFACTURING,
225,225,Apsol cc,
597,597,ARCHMAN POWER DIESELS CC (Brackenveldt) (DTTC),
660,660,Aresta Community Learning Center,
490,490,Aries Carton and Screenprint,
368,368,Ashton CLC,
669,669,ATLANTIS ALC (AVOS),
508,508,Aucamp Scholtz Lubbe Inc?ÿ,
704,704,AURORA,
386,386,AUTO BODY COACH WORKS (Parow),
601,601,AUTO MECHANICAL SERVICES (Beaufort West),
579,579,B.E.S.T CENTRE,
140,140,BABBEL EN KRABBEL,
679,679,Bantubanye Skills?ÿ,
633,633,BARLOWORLD TOYOTA (Tygervalley),
269,269,BARRYS PIPING & WELDING SERVICES (Epping),
185,109,BDCE (Pty) Ltd,
465,465,BEARMA STAAL BK (Paarl),
280,280,BEAUFORT WEST AND KAROO COMMUNITY LEARN,
757,757,BEAUFORT WEST TRUCK CENTRE (Beaufort West),
528,528,BEAUFORT-WES SEK,
96,96,Belcomec Training,
681,681,BELGIAN AMERICAN MOTORS (Montague Gardens),
326,326,BELHAR SECONDARY ALC,
616,616,BELLVILLE MECHANICAL WORKSHOP (Bellville South),
553,553,BELMET TRAINING CENTRE T/A BELMET MARINE (PTY) LTD (Bellville)(TP),
682,682,Bennet J Financial Services?ÿ,
775,775,BERGHOF,
199,199,BERGSIG,
193,193,Bernard Shaw Ouditeure Ing?ÿ,
693,693,BEYERS TRUST FARMS,
642,642,BISSETSDRIFT,
461,461,BITTERFONTEIN SITE,
334,334,BLANCO CLC,
144,144,BLOEKOMBOS ALC,
708,708,Boland Agri Training & Community Development Centre,
800,171,Boland College,
385,171,Boland College (Worcester Campus) (WORCESTER) (TP),
112,112,Boland Drukpers,
171,171,Boland FET College,
49,49,BONGOLETHU CLC,
107,107,BONNIEVALE CLC,
644,644,BONTEHEUWEL-BISHOP LAVIS CLC,
177,177,Bosch Rekenmeesters?ÿ,
137,137,Boston City Campus & Business College (PTY) Ltd (Somerset West),
309,137,Boston City Campus & Business College- Cape Town,
814,137,Boston City Campus and Business College - Bellville,
196,137,Boston City Campus and Business College - George,
588,588,Boston School of Finance - George?ÿ,
387,588,Boston School of Finance - Somerset West?ÿ,
783,588,Boston School of Finance Bellville?ÿ,
726,726,BOTHA ALC,
200,200,BOTRIVIER COMMUNITY LEARNING CENTRE,
52,52,BRANDVLEI CORRECTIONAL SERVICES,
789,789,BRANDWAG,
680,680,BRE?®RIVIER WYNLAND CLC,
458,458,BREDASDORP,
558,558,BREEDE VALLEI BAKWERKE (Worcester),
409,409,BRIDGETOWN ALC,
729,729,Bright Idea Projects 2082 CC,
330,330,British American Tobacco South Africa Pty Ltd,
259,259,Bromor Foods (Pty) Ltd,
703,703,BROODKRAAL,
313,313,BSC  CONSULTANTS,
35,35,BSI College (Pty) Ltd?ÿ,
802,802,BUCCANEER GUNS CC CAPE TOWN?ÿ,
390,390,BUFFELJAGSRIVIER CORRECTIONAL SERVICES,
124,124,BUILD ADULT LEARNING CO-OPERATIVE (BALC,
384,384,BURGER PETROL AND DIESEL (WORCESTER),
109,109,Business Development Centre of Excellence CC - Cape Town?ÿ,
22,22,Buzz-word Training College,
610,610,CAE College of Audio Engineering,
391,391,CALEDON AUTO ELECTRICAL WORKS (Caledon),
108,108,CALITZDORP,
192,192,CAPE AUTO ELECTRIC (Maitland),
19,19,Cape Craft & Design Institute,
751,751,Cape Global Construction And Engineering Training Centre Pty Ltd,
540,540,Cape Information Technology Initiative,
591,591,Cape Institute for Agricultural Training: Elsenburg,
187,187,CAPE MANUFACTURING ENGINEERS (Epping),
181,181,Cape Peninsula University of Technology,
749,749,Cape Printing (Pty) Ltd,
249,249,Cape Town Baptist Seminary NPC,
146,146,CAPE TOWN COMMUNITY COLLEGE,
648,648,Cape Town Society for the Blind,
110,110,CAPRICORN COMMUNITY LEARNING CENTRE,
395,395,CAT College (Pty) Ltd?ÿ,
45,45,CDR MOTORS (EDMS) BPK T/A CERES TOYOTA (Ceres),
483,483,Center for Creative Education,
442,442,CENTRAL CAR REPAIRS (Observatory),
538,538,CENTRAL KAROO CLC,
572,572,Centre for Creative Education/Iziko La Bantu Be Afrika NPC,
189,189,Centre for Early Childhood Development,
777,777,"Centurion Kollege vir Beroepsonder-rig, Site name: Northlink  FET College -Parow Campus",
150,150,CHATSWORTH CLC,
79,529,CHIPPA INVESTMENT HOLDINGS CC?ÿ,
529,529,Chippa Investment Holdings?ÿ,
229,229,CITRUSDAL PRIM??R CLC,
13,645,City of Cape Town - Maitland Training Centre,
645,645,CITY OF CAPE TOWN ALC,
46,46,City Varsity t/a Film & Television & Multimedia School,
803,803,CITY VIEW BUSINESS COLLEGE AND COMPUTER STUDIES?ÿ,
788,788,Climal Creative Projects,
128,128,CLOETESVILLE SECONDARY ALC,
581,581,Clover SA (Pty) Ltd Parow,
436,436,COLLABORATIVE MINDS,
228,43,COLLEGE OF CAPE TOWN,
312,43,College of Cape Town,
776,43,College of Cape Town - Pinelands Campus,
135,43,COLLEGE OF CAPE TOWN (City Campus) (Non Merseta TP),
728,43,College of Cape Town (City Campus)?ÿ,
43,43,College of Cape Town FET College,
414,43,College of Cape Town: Athlone Campus,
773,43,College of Cape Town: Pineland Campus,
131,43,College of Cape Town: Thorton Campus,
721,721,College of Sustainable Agriculture,
511,511,Collotype Labels,
399,399,Colors Packhouse (Pty) Ltd,
240,240,Colourtone Press,
423,423,Community Media Trust,
797,797,Community Water Supply & Sanitation Unit,
530,530,Competency International SA (Pty) Ltd- To Remove,
699,699,Concept Interactive (Cape) cc,
257,257,CONDITION YELLOW SKILLS DEVELOPMENT AND FIREARMS TRAINING ACADEMY?ÿ,
628,628,Consol Limited: Consumer Flexible Packaging,
363,363,Continuing Education for Africa,
266,266,CONVILLE,
719,719,Cornerstone Institute (RF) NPC,
222,222,Cornway Training & Placement Center - Bellville?ÿ,
463,463,Creda Communications (W.C),
92,92,Credit Blende Training (Pty) Ltd?ÿ,
790,790,CROSS SKILLS DEVELOPMENT,
204,204,CTP Limited,
325,325,CTP Printers - Cape Town,
205,205,Culhane Consulting,
709,709,CWESI CLC,
311,311,Cyber Minds (PTY) Limited,
786,786,D C ENGINEERING (TULBAGH),
476,476,DAIRYBELLE (PTY) LTD - CAPE TOWN,
424,424,DAL JOSAFAT ALC,
344,344,DAMBA ALC,
314,649,Damelin - Mowbray?ÿ,
649,649,Damelin (Pty) Ltd,
267,649,Damelin Correspondence College (Pty) Ltd,
365,649,"Damelin Correspondence College (Pty) Ltd CG,",
243,649,Damelin Correspondence College?ÿ,
342,649,DAMELIN EDUCATION GROUP (Vredenburg)(TP),
44,649,Damelin Namaqualand (Springbok),
18,649,Damelin PTY Ltd,
677,649,DAMELIN TECHNICAL DIVISION (Cape Town)(TP),
565,565,DANKBAAR,
446,446,Dantall,
643,643,DARLING CLC,
366,366,DASBOSCH,
673,673,DATCENTRE MOTORS (PTY) LTD T/A CMH NISSAN (Cape Town),
484,484,DAV PROFESSIONAL PLACEMENT GROUP?ÿ,
122,122,DCCT ALPF,
452,548,DCD Marine (Pty) Ltd (CAPE TOWN) (TP),
548,548,DCD-DORBYL (PTY) LTD (Cape Town),
369,369,De Compu School Malmesbury cc,
549,549,DE DOORNS ALC,
518,518,DE LA ROCHE,
272,272,DE RUST,
97,97,DE RUST FUTURA GEMEENSKAPS LEERSENTRUM,
480,480,DE TUINLANDGOED,
9,9,De Villiers Broodryk Paarl Ingelyf?ÿ,
764,764,De Vries Manangement and Training Services,
481,759,DELFT CLC,
759,759,DELFT SOUTH,
473,473,DESTA POWER MATLA - CAPE TOWN (Epping) Trasfered to L920711704,
172,172,Development Bank of Southern Africa (DBSA),
250,172,Development Bank of Southern Africa (DBSA)?ÿ,
69,69,DIAZVILLE ALC,
741,741,DIE DUINE ALC,
666,666,DIE HOEK,
210,210,Die Nooitgedacht Pers cc,
201,201,DIE ONS WERELD CLC,
58,58,DIE POORT,
28,28,DILIZUNGAZI,
382,382,DISTELL (PTY) LTD.,
268,268,Divfood Paarl,
54,54,DOORNRIVIER ALC,
630,630,DORINGBAAI,
632,632,DRAKENSTEIN KORREKTIEWE DIENSTE,
241,241,Drukkor Printing,
525,525,DRW Consultancy Enterprises CC,
769,769,DUENS BAKERY,
406,406,Durbanville College (Pty) Ltd,
80,80,DWARSRIVIER CORRECTIONALSERVICES,
40,40,Dyna Training Pty Ltd,
670,670,Dynamix Computer Training Center,
688,688,DYSSELDORP,
297,297,E Salomon & Co?ÿ,
526,526,Early Learning Foundation Montessori Teacher Training,
566,566,Early Learning Resource Unit (ELRU): Cape Educational Trust t/a,
531,531,EBENHAESER VOLWASSE ONDERRIGSENTRUM,
374,374,ECA SA Cape Town,
731,731,EDENDALE COMMUNITY LEARNING CENTRE,
657,657,EDUCATION FOR AFRICA LC,
410,410,EERSTE RIVER CLC,
767,767,Ekhozi Rural Development Services,
161,652,EKUHLALENI COMMUNITY PRESCHOOL PROJECT,
652,652,Ekuhlaleni Community Preschool Project,
811,811,ELANDSBAAI CLC,
730,730,ELANDSRIVIER,
718,718,ELCO PLASTICS (PTY) LTD (Stikland)(TP),
152,152,Elgin Community College,
206,152,ELGIN COMMUNITY LEARNING CENTRE,
585,585,ELSIES RIVER ADULT EDUCATION AND TRAINI,
420,420,Eskom  Ankerlig Power Station,
686,420,Eskom Generation - Palmiet Pump Storage Grabouw,
295,420,Eskom GX: Peaking Power Station,
556,420,Eskom Koeberg - EE - Generation & Trade Test Centre,
100,420,Eskom Koeberg - Radiation Protection,
359,420,Eskom Koeberg Nuclear Power Station PPO,
527,527,Exacct Accounting CC?ÿ,
804,804,EXACTOCRAFT (PTY) LTD (Paarden Eiland),
742,761,EXERCISE TEACHERS ACADEMY,
761,761,Exercise Teachers Academy (Pty) Ltd t/a ETA,
589,589,Express Training cc,
615,615,EZELFONTEIN,
169,169,EZIQHAMENI ALC,
626,626,FABRINOX (PTY) LTD (Huguenot),
125,242,False Bay College,
261,242,False Bay College - Westlake Campus,
524,242,False Bay College (Khayalitsha Campus) (TP),
316,242,False Bay College (Westlake Campus) (CAPE TOWN) (TP),
242,242,False Bay FET College,
592,592,FALSE BAY SECURITY BK?ÿ,
178,242,FALSEBAY COLLEGE,
64,64,FBI CONTROL AND CCTV CC?ÿ,
532,532,FC SMIT T/A HENCO CV BRAKE & CLUTCH (Maitland),
190,190,Festo (Pty) Limited (Cape Town ),
264,264,FEZEKILE ALC,
779,779,Film Mentorship & Training,
120,120,FILMAIR SA (PTY) LTD (Pinelands),
744,744,First Car Care (Pty) Ltd T/A STi Autobody Repairers (GOODWOOD) (DTTC),
736,744,First Car Care (Pty) Ltd T/A STi Autobody Repairers (GOODWOOD) (TP),
488,488,FMCG TRAINING SOLUTIONS CC,
504,504,Folding & Finishing,
618,618,FOREST HEIGHTS SECONDARY ALC,
61,61,Formeset Printers Cape (Pty) Ltd,
220,220,FRANSCHOEK CLC,
338,338,FREDDY HIRSCH GROUP PTY LTD,
622,622,FUGA FUNKSIONELE GELETTERDHEIDS AKSIE,
396,396,Furniture Technology Centre Trust,
724,396,Furniture Technology Centre Trust (ENC),
668,668,G&D Guesthouse and Training,
513,513,GABRIEL SA (PTY) LTD (Retreat),
255,255,GARDENIA COMMUNITY CENTRE,
665,665,GELUKWAARTS,
415,415,GENADENDAL ALC,
10,10,GEORGE ADULT EDUCATION CENTRE,
281,281,GEORGE ADULT LEARNING CENTRE (DCS),
55,55,GEORGE MUNICIPALITY,
71,71,George Whitefield College NPC,
781,781,Glen Lilly Outsourcing Services,
123,123,GLORIA / THEEWATERSKLOOF,
464,464,GOEIE HOOP ALC,
32,32,GOODWOOD CORRECTIONAL SERVICES,
561,561,GORDON HIGH,
327,327,GOUDA ALC,
142,142,GOUDINI BAD,
607,607,GRAAFWATER,
418,418,GRAHAMS AIR CONDITIONING (PTY) LTD (Strand),
600,600,Graphicraft (Pty) Ltd,
519,519,Grassroots Adult Education and Training Trust,
72,72,GRASSY PARK ALC,
84,84,Green Futures,
182,182,Greenford Trading 20cc,
38,38,GROENBERG ALC,
674,674,GROENHEUWEL ALC,
723,723,GROOTE SCHUUR HOSPITAL,
762,762,H P Labelling,
733,733,HABITAT INDUSTRIES CC (Killarney Gardens),
82,82,Hallmark Press (Pty) Limited,
106,106,Hansa Print (Pty) Limited,
743,743,HARTEBEESKRAAL,
270,270,Havosch Consolidated Investment TA Oschmann Accounting?ÿ,
478,478,HAWEQUA CORRECTIONAL YOUTH CENTRE,
129,129,Headstart Mercy Montessori Training,
292,292,Helderberg College NPC,
1,1,HELDERSTROOM ADULT LEARNING CENTRE,
153,153,HELPING HANDS SKILLS ACADEMY,
301,153,HELPING HANDS SKILLS ACADEMY (Saldanha)(TP),
662,662,HENTIQUE LTD (Diep River),
335,335,HERMANUSHEUWEL/ZOUTKLOOF,
636,636,HERMON VOLWASSE ONDERRIG,
234,234,HESSEQUA CLC,
580,580,HEUNIS ENGINEERING (Saldanha),
593,593,HIGHLANDS ADULT LEARNING CENTRE,
431,431,HOLVLEI PRIMARY,
430,430,HOOFWEG 189 MOTORS (EDMS) BPK T/A PEUGEOT HELDERBERG (Strand),
262,262,HOOFWEG E-LEARNING & RECOURCE CENTRE,
145,145,HOPEFIELD,
746,746,Hospice Palliative Care Association,
706,706,HOUDCONSTANT,
734,734,HOUSE OUTENIKWA,
356,356,Hugenote College,
346,346,HUIS JOHANNES,
113,113,HULETT - HYDRO EXTRUSIONS (Epping),
440,440,Hyundai automotive (PTY) LTD T/A HYUNDAI BELLVILLE (Bellville),
147,147,IA Professional Placements And Related Services?ÿ,
609,609,IKAMVA,
701,701,IKHWEZI ALC,
388,388,ILLINGELETHU,
133,133,Imperial Technical Training Academy (BELLVILLE SOUTH) (DTTC),
24,24,Impregnation Web Technology T/A Drycoat (Pty) Ltd,
482,482,IMPUMALANGA ALC,
758,758,"In Tuition, Site Name: Margaret Nicol & Associates (Pty) Ltd t/a In Tuition",
392,392,Ince (Pty) Ltd. C.T,
118,118,Independent Institute of Education (Pty) Ltd,
493,118,Independent Institute of Education?ÿT/A VARSITY COLLEGE,
685,685,Independent Newspapers. Cape,
375,375,Industries Education & Training Institute Cape Town,
687,687,Inscape Education Group (Pty) Ltd,
805,805,Insimbi Security Services Cc?ÿ,
275,275,INSTITUTE FOR THE BLIND,
207,207,INTANDO YETHU CLC,
459,604,Intec College,
604,604,"INTEC College (Pty) Ltd, CG,",
582,582,International Hotel School (Pty) Ltd (The),
620,620,International Trimmings Sa Pty Ltd,
248,248,Isa Carstens Academy (Pty) Ltd,
637,637,ISCOR LTD - SALDANHA STEEL (Saldanha),
364,364,ISIBANE,
87,87,IT SA Computer Services Solutions (Pty) Ltd,
183,183,iThemba Labantu Vocational Training Centre (CAPE TOWN) (TP),
498,498,JDG Consulting?ÿ,
439,439,JED SKILLS ACADEMY,
111,111,Jesua Consultants (Pty) Ltd,
748,748,Jobstart Training  Centre (CWD),
683,683,JOHN RAMSEY SECONDARY ALC,
33,33,JONKERSRIVIER,
29,29,JOWELLS TOYOTA SPRINGBOK (Springbok),
148,148,Kaap Agri Training Centre,
349,349,KALBASKRAAL,
287,287,KALKFONTEIN CLC,
117,117,KAMANASSIE CLC,
53,53,KAYAMANDI SEC CLC,
370,370,KayDee Project Management Cc,
379,379,KEEROM,
15,15,KEITH NOLAN ENGINEERING CC T/A K N ENGINEERING (Blackheath),
717,717,KENSINGTON LITERACY PROJECT,
237,237,Kgolo Institute,
444,237,Kgolo Institute?ÿ,
428,428,KHAYALETHU,
422,422,KILN CONTRACTS (Retreat),
722,722,Kingsway College of Computing and Business Studies Pty (Ltd),
608,608,KLAPMUTS,
801,801,KLAWER SATELLIET SENTRUM,
449,449,Klein Karoo Resource Centre,
25,25,KLEINBERG,
296,296,KLIPDALE,
455,455,Knowledge Bases Sales,
397,397,KNYSNA MOTORS (Knysna),
755,755,KNYSNA SECONDARY SCHOOL,
710,420,Koeberg Nuclear P/S,
806,806,KOEKENAAP,
404,404,KOELENHOF,
557,557,KOINONIA COMMUNITY CENTER,
605,605,KORINGBERG (SITE),
98,98,KOUE BOKKEVELD CLC,
700,700,Koue Bokkeveld Training Centre,
780,780,KRAAIFONTEIN CLC,
611,59,KRAAIFONTEIN SHOOTING ACADEMY KRAAIFONTEIN?ÿ,
59,59,KRAAIFONTEIN SHOOTING ACADEMY?ÿ,
115,115,KRANSHOEK,
807,807,Kromco (Pty) Limited,
785,785,KRUISMANSRIVIER,
191,191,KUYASA CLC,
505,505,KWANOKUTHULA (PHAKAMISANI),
394,394,KWV SOUTH AFRICA PTY LTD,
30,30,LADISMITH KAAS MPY EDMS BPK,
16,16,LAMBERTSBAAI,
66,66,LATEGANSVLEI ALC,
437,437,Latitude Varsity?ÿ,
343,343,Lavender Moon Trading 27 cc,
166,166,LE JARDINE,
158,158,LEIDEN CLC,
188,188,LENTEGEUR,
372,372,LEWENSRUIMTE ELSEN ABET CENTRE,
689,689,Lithotech Manufacturing Cape,
361,361,LIVINGSTONE TOURISM ACADEMY,
587,587,LJ JOHANNES T/A THE VILLAGE WORKSHOP (Durbanville),
768,768,Logo Print,
6,6,Loubser Du Plessis Inc?ÿ,
303,303,LR ALBERTYN T/A LA REFRIGERATION & ELECTRICAL SERVICES (Lansdowne),
520,520,LUCKHOFF SECONDARY ALC,
571,571,LUSTIGAAN BELEGGINGS (PTY) LTD T/A MARS EQUIPMENT MANUFACTURING (Daljosaphat),
127,127,LUTZVILLE CLC,
606,606,LYNEDOCH,
21,21,M & D ENGINEERING (Woodstock),
684,684,MA AFRIKA TIKKUN CLC,
383,383,Majahd Educational Services Multi-Purpose Primary Co-operative,
333,333,MALMESBURY NEW PRISON,
298,298,MALMESBURY VOLWASSE ONDERWYSSENTRUM,
138,138,Management College of Southern Africa (MANCOSA)?ÿ,
554,554,MANUEL SECURITY CC?ÿ,
68,68,MAPC TRADING (PTY) LTD T/A MAPC TRAINING ACADEMY (Maitland)(TP),
23,23,MARKET TOYOTA (Rylands),
584,584,MARSDEN (PTY) LTD (Airport Industria),
663,663,MARYLAND LITERACY PROGRAMME,
613,613,MASAKHANE ALC,
198,198,MASINYUSANE CLC,
230,230,MASIYILE ALC,
105,105,MASIZAME ALC,
575,575,MATIE COMMUNITY SERVICE,
450,450,MBEKWENI LITERACY PROJECT,
34,34,MC Hanekom?ÿ,
239,239,Mc Intosh Xaba and Associates (MXA)?ÿ,
514,514,McCarthy Academy Cape Town (BLACKHEATH) (TP),
74,514,McCarthy Automotive Artisans Academy (CAPE TOWN) (DTTC),
141,141,MCD Training Centre (Pty) Ltd (CAPE TOWN) (TP),
562,562,MCGREGOR CLC,
340,340,MECHANICAL TRAINING SCHOOL (Bellville South),
159,159,Media Village Communication,
629,629,Mediclinic (Pty) Ltd,
299,299,Merpak Envelopes Cape (Pty) Limited,
655,655,METHODIST CHURCH,
522,522,METHODIST MANDLENKOSI CLC,
812,812,MFULENI CLC,
468,468,MGI Bass Gordon GHF?ÿ,
675,675,MHONKO'S WASTE AND SECURITY SERVICES CC?ÿ,
400,400,MIDDELPLAAS,
634,634,MIKES AUTO ELECTRICAL CC (Tokai),
302,302,Mills Litho,
265,499,Milpark Business School,
499,499,Milpark Business School (Pty) Ltd,
671,499,Milpark Education (Pty) Ltd,
432,432,Mind Magic Consulting?ÿ,
485,485,MKHANGELI ALC,
550,550,MKHANYISELI CLC,
573,573,Molokutho Engineering Holding (Pty) Ltd T/A MTA - Mitchells Plain Training Academy (MITCHELLS PLAIN) (TP),
352,352,Moore Stephens Management Services (Pty) Ltd?ÿ,
174,174,MOORREESBURG CLC (MOVOS),
347,347,MORGENSTER (BALCO),
545,545,MOSSELBAY CLC,
517,517,MOTOR ELECTRODIESEL SERVICE (PTY) LTD (MOTOLEK) (Epping),
737,737,Mpact Kuilsriver,
247,247,MTD MANUFACTURING ENGINEERING (PTY) LTD T/A MICRO TOOL & DIE (Faure),
116,116,MZAMOMHLE ALC,
88,88,NACCW,
567,567,Namaqua Sands,
214,214,Nampak Cartons & Labels (W.C.),
218,214,"Nampak Cartons & Labels, Gravure - Western Cape",
232,214,Nampak Corrugated Cape Town,
360,214,Nampak Flexible Cape,
460,214,Nampak Laminated & Coated Products,
412,412,NAPIER (NEXT STEP),
596,596,Nascence Education,
279,279,NATIONAL DEPARTMENT OF CORRECTIONAL SERVICE - POLLSMOOR PRODUCTION WORKSHOP (Tokai),
101,101,National Institute for he Deaf,
3,101,National Institute For The Deaf,
809,809,National Training Institute (NTI),
568,568,NEDERBURG CLC,
750,750,Neil Fick Inc?ÿ,
794,794,NEILs AUTOCARE (Montague Gardens),
598,598,Nettex (Pty) Ltd,
310,310,NEW HORIZON,
536,536,Nexia Cape Financial Services CC?ÿ,
787,787,NISSENVILLE,
815,815,NOLUNGILE ALC,
62,62,NOLUTHANDO SCHOOL FOR THE DEAF,
756,756,Noluthando Training Industries (CAPE TOWN) TP,
208,208,NOMZAMO CLC,
690,690,Northlink (Bellville),
211,211,Northlink Belhar,
5,574,Northlink College - Bellville Campus (BELLVILLE) (TP),
425,574,Northlink College - Belville Campus,
617,574,Northlink College - Wingfield Campus (BELLVILLE) (TP),
180,574,Northlink College - Wingfield Campus (GOODWOOD) (DTTC),
574,574,Northlink FET College,
612,574,Northlink FET College,
627,574,Northlink FET College: Belhar Campus (Pending NATC Approval),
318,574,Northlink FET College: Belville Campus (Pending NATC Approval),
763,574,Northlink FET College::Wingfield Campus (Pending NATC Approval),
341,574,NORTHLINK TVET COLLEGE,
411,411,NOVICE H E T SERVICES?ÿ,
209,209,NQTAC - Cape (Pty)Ltd,
402,402,OBIQUA CORRECTIONAL SERVICES,
170,170,OCEAN VIEW ALC,
727,727,Old Mutual South Africa,
151,151,OLIFANTSRIVIER VOLWASSE ONDERRIG SENTRU,
323,323,Omega Art Print,
367,367,Omni HR Consulting Pty Ltd t/a Omni HRC,
42,42,Omni Learning Pty Ltd,
720,720,On the Ball Computers,
99,99,Operation Upgrade Early Childhood Development Project,
362,614,Operational Process Improvements ( OPI),
614,614,Operational Process Improvements (Pty) Ltd,
486,486,Optimum Learning Technologies (Pty) Ltd,
479,479,Orbis Security Solutions Pty Ltd?ÿ,
651,651,ORCHARD ALC,
672,672,Otis (Pty) Ltd (MOWBRAY) (TP),
546,546,OUDTSHOORN CLC,
271,271,OUDTSHOORN CORRECTIONAL SERVICES,
515,515,OVERBERG CLC,
583,583,OVERSTRAND CLC,
132,132,Overstrand Skills Training Network,
93,93,OWENS AUTO (Epping Industria),
393,393,Oxbridge Academy (Pty) Ltd?ÿ,
635,635,PAARDEBERG CORRECTIONALSERVICES,
791,791,PAARDEKRAAL,
102,102,Paarl Coldset (Paarden Eiland),
656,102,Paarl Coldset Noordwes Drukkery,
173,173,Paarl Labels,
103,103,Paarl Litho Printers,
47,47,Paarl Media Academy,
319,47,Paarl Media Cape,
747,47,Paarl Media Paarl,
90,90,Paarl Post Media(Pty)Ltd,
770,770,PARKDENE-PACALTSDORP CLC,
350,350,PARMALAT SOUTH AFRICA (PTY) LTD STELLENBOSCH,
221,194,PC Training & Business College?ÿ,
194,194,PC Training and Business College (Pty) Ltd,
639,639,PEARLY BEACH ALC,
304,304,PELANDABA CLC,
541,541,PEOPLE FOR CHRIST MINISTRIES CLC,
251,251,PERCKLEEN DRY CLEANERS cc T/A AIRPORT AUTO SERVICES (Airport Industria),
417,417,Perishable Products Export Control Board (PPECB),
345,345,PERSEVERANCE ALC,
696,696,PETRO S A?ÿ,
564,696,PetroSA: Mosselbay,
162,162,PETUNIA,
441,441,PHAKAMANI ALC,
715,715,Phezukomkhono Training Services,
469,469,PHILADELPHIA,
89,89,Philani Training and Development Solutions NPC,
291,291,PHUMELELA ALC,
216,216,PIKETBERG ALC,
456,456,PINOCCHIO CRECHE,
322,322,Plastics Federation of South Africa (MAITLAND) (TP),
466,466,PLETTENBERG BAY CLC,
426,426,PLETTENBERG BAY INDUSTRIA,
154,154,POLLSMOOR PRISON,
457,457,PolyGraphics,
381,381,PolyPak (Pty) Ltd,
467,467,PORTERVILLE CLC,
256,256,PORTLANDS CLC,
732,732,PRECISION PRODUCTION (George),
678,678,PREMIER AUTO - STELLENBOSCH (Stellenbosch),
226,226,Prestige Academy (Pty) Ltd,
752,752,Pricewaterhousecoopers?ÿ,
447,447,PRINCE ALFRED'S HAMLET,
813,813,Printafoil (Pty) Limited,
293,293,Printbind Cape (Pty)Ltd,
576,576,Printech Engineering,
85,85,PRO FAB ENGINEERING (Saldanha),
176,85,PRO FAB ENGINEERING (Vredenburg),
533,219,Procedo Training,
219,219,Procedo Training Providers (PTY)LTD,
328,219,Procedo Training Providers cc,
735,219,PROCEDO TRAINING PROVIDERS CC (Strand)(DTTC),
202,219,Procedo Training Providers Pty Ltd,
317,104,Production Management Institute of Southern Africa (Pty) Ltd (BELLVILLE) (TP),
104,104,Production Management Institute of Southern Africa (Pty) Ltd (PMI),
217,217,PROEFPLAAS,
623,623,PROSPECT CLC,
433,433,PROSPERITAS TRAINING COLLEGE T/A VISION COLLEGE SA?ÿ,
2,2,PROTECH TRAINING (Somerset West)(TP),
94,94,PROTEM,
784,551,Pyrotec,
551,551,Pyrotechnical Marketing (Pty) Limited,
56,56,Qondisa Education and Training Project,
569,569,QUALITY PLASTICS (PTY) LTD (Epping),
771,771,QUEENS WAREHOUSE,
332,332,QUINTESSENTIAL SECURITY CC?ÿ,
260,260,RAVENSMEAD CLC,
203,203,Reach Out Vegetable Cultivation & Training Centre,
798,798,REACHOUT ENGINEERING & MECHANICAL LABOUR ADMIN CC T/A REACHOUT (Phillippi),
470,470,Red and Yellow School of Logic and Magic (Pty) Ltd,
421,421,Red Square Hair Academy,
745,745,REDELINGHUYS SATELLIET,
258,258,REEDS MOTORS TABLE VIEW (PTY) LTD (Table View),
577,31,Regent Business School (Pty) Ltd t/a Regent Business School?ÿ,
31,31,Regent Business School (Pty) Ltd?ÿ,
497,497,Reko Rekenmeesters Ingelyf?ÿ,
416,416,RIEBEECK KASTEEL,
659,659,RIEBEECK-WES,
73,73,RIETPOEL,
451,451,RIETVLEI,
697,697,RIVERLANDS CLC,
273,273,RIVERSDAL GELETTERDHEIDSTIGTING,
667,667,RIVIERSONDEREND LITERACY CENTRE,
491,491,ROBERTSON GEMEENSKAP LEERSENTRUM,
286,286,ROBERTSON PRISON,
305,305,ROCKLANDS,
7,7,ROSA GELETTERHEIDSENTRUM,
160,160,Rotolabel (TVL) (Pty) Ltd,
695,695,RR VAN RENSBURG T/A DOLPHIN MOTORS (Oudtshoorn),
438,438,RSA Litho,
223,223,RUST STASIE,
712,712,Ruth Prowse School of Art NPC,
816,816,RUYTERWACHT CLC,
443,443,RW MAGSON & SON T/A OLIVIERS GARAGE (Strand),
739,739,SA College of Home Study (Pty) Ltd?ÿ,
331,331,Sa Fine Worsteds,
373,373,SA German Training Services?ÿ,
179,179,SA Litho Printing & Packaging,
578,578,SAB & T Chartered Accountants Inc?ÿ,
547,547,SAB NEWLANDS,
227,227,Safepak(Pty)Ltd,
799,799,SAFICON INDUSTRIAL EQUIPMENT T/A TOYOTA FORKLIFT (Parow)(DTTC),
512,512,SAKHISIZWE CLC,
358,358,SAMORA MACHEL CLC,
462,462,Samsons School of Welding T/A Samsons Skills Development Institute (PHILLIPI) (TP),
772,772,SANDHILLS ADULT LEARNING CENTRE,
63,63,"Sandown Motor Holdings (Pty) Ltd - Montague Gardens, Cape Town (MONTAGUE GARDENS) (TP)",
793,63,SANDOWN MOTOR HOLDINGS (PTY) LTD T/A EIKESTAD MOTORS (Milnerton)NOT ACTIVE,
502,63,SANDOWN MOTOR HOLDINGS (PTY) LTD T/A ORBIT MOTORS N1 CITY (N1 City)NOT ACTIVE,
276,276,Sanlam Limited,
4,4,SAO BRAS SECONDARY ALC,
353,353,SARON,
12,12,Sasko Pasta (Pty) Ltd,
453,453,SATURNUS,
212,212,Savanna College?ÿ,
26,26,SBV SERVICES?ÿ,
398,398,SCHOEMANSHOEK,
130,130,SCHOONSPRUIT SECONDARY (ALC),
27,27,SCHWARTE ENGINEERING (PTY) LTD (Paarl),
640,640,SDK Chartered Accountants?ÿ,
716,716,SEA HARVEST CORPORATION PTY LTD,
300,300,SED Printing Solutions (Pty) Ltd,
75,75,SEDERBERG ALC,
765,765,SELECTA SEA PRODUCTS (PTY) LTD,
252,252,SEPTEMBERSKRAAL,
707,707,SHARE ALC,
523,523,SHILOH EDUCATION AND TRAINING ACADEMY,
290,290,Shumani Printers,
664,664,SIFUNULWAZI ALC,
288,288,SIJONGA-PHAMBILI CLC,
650,650,SIKELELA CLC,
289,289,Sikhula Agri Training,
496,496,Silulo Ulutho Technologies,
494,494,SILVER SOLUTIONS TRAINING ACADEMY,
354,354,SIMONDIUM VOLWASSE ONDERWYSSENTRUM,
487,487,SIMUNYE ALC,
429,429,SIR LOWRYS PASS CENTRE,
638,638,SIYAFUNA UKUFUNDA CENTRE,
810,810,SIYAKHANYISA CLC,
336,336,SIYAKHUTHAZA CLC,
308,308,Siyathembana Trading 46 (Pty) Ltd (CAPE TOWN) (Non Merseta TP),
506,506,SIYAZAMA ALC,
619,619,SLANGHOEK ALC,
78,78,SLOT VAN PAARL,
320,320,SMITH & FAULDS T/A RC AUTO ELECTRIC (Bellville),
114,114,SNAP SOLUTIONS NETWX PTY LTD?ÿ,
559,559,Social Impact Ministry Sikhula Sonke,
405,405,SOETENDAL ALC,
782,782,SOETMELKSVLEI,
95,95,Sound Interactions CC,
224,224,South African ABET Development Agency SAADA?ÿ,
294,294,SOUTH AFRICAN ASTRONOMICAL OBSERVATORY (Observatory),
315,315,South African College of Applied Psychology (Pty) Ltd (The),
157,157,South African School of Motion Picture Medium & Live Performance (Pty) Ltd  t/a AFDA (The),
454,377,South Cape College,
389,377,South Cape College - George,
195,377,South Cape College (GEORGE) (TP),
377,377,South Cape FET College,
509,509,SOUTHERN SUBURBS YOUTH ACADEMY,
795,795,SPECIAL ASSET PROTECTION SERVICES KRAAIFONTEIN?ÿ,
263,263,Spectraprint,
65,65,Spilo Pty Ltd,
274,274,SPRINGBOK MOTOR REWINDS (PTY) LTD (Springbok),
760,760,ST FRANCIS ALC,
119,119,ST. ALBANS PRIM ALC,
60,60,ST. HELENABAAI CLC,
705,705,Staffing Direct Training Academy (Pty) Ltd,
725,705,Staffing Direct Training Academy Pty Ltd,
586,586,STALLION LEARNING CENTRE PTY LTD?ÿ,
702,702,STAWELKLIP PRIMER,
83,83,STEENBERG ALC,
489,489,STEINHOFF FURNITURE T/A BAKKER & STEYGER (Epping),
282,282,Stellenbosch Academy of Design and Photography (Pty) Ltd,
36,36,STELLENBOSCH CLC,
175,175,STELLENBOSCH PREMIER MANUFACTURERS T/A STELLENBOSCH NACO (Stellenbosch),
245,245,STEYNVILLE SEKONDER,
253,253,STORMSVLEI,
76,76,SUNNYSIDE GELETTERHEIDSENTRUM,
39,39,SUPREME CYLINDERS (Beaconvale),
646,646,Supreme Skills Academy (Pty) Ltd (Goup Indigo),
658,658,Sustainability Institute Trust: Learning For Sustainability,
67,67,Swartland Boudienste (Edms) Bpk?ÿ,
37,37,SWELLENDAM SECONDARY ALC,
676,676,SWIFT MICRO LABORATORIES (PTY) LTD,
552,552,Tenk Loubser (Cape Town) Ingelyf?ÿ,
57,57,The Automobile Association of South Africa T/A AA Training Academy (PAROW) (DTTC),
213,213,THE CAPE SHOOTING ACADEMY WC?ÿ,
543,543,THE CRAGS,
599,599,The Educo Trust of Africa,
246,246,THE FRESH FOODS ACADEMY (PTY) LTD,
694,694,The Fundamentals Training Centre,
355,355,THE SOUTH AFRICAN SCHOOL OF PARALEGAL STUDIES?ÿ,
471,471,The Water Academy,
774,774,THEMBALETHU,
134,134,Theron Du Plessis Helderberg?ÿ,
403,403,Thunderbolt Solutions (Pty) Ltd,
534,534,TLN Human Performace Systems (Pty) Ltd,
215,215,TOORKRANS,
244,244,Torque Technical Computer Training (Pty) Ltd T/A Torque-IT (CAPE TOWN) (Non Merseta TP),
472,472,Tourism and Business Institute of SA,
653,653,TOURIST GUIDE INSTITUTE,
419,419,TOUWSRIVIER GEMEENSKAP ONDERWYSSENTRUM,
121,48,Training Force (Pty) Ltd (CAPE TOWN) (TP),
48,48,Training Force (Pty) Ltd?ÿ,
602,602,Trident Press (Pty) Limited,
233,233,Triple C Repro & Print,
306,306,TSIBA Education NPC,
590,590,TSK Projects?ÿ,
20,20,TULBAGH ALC,
155,155,Two A Day Group (Pty) Ltd,
283,283,TYGERBERG HOSPITAL,
413,413,UITZIG SECONDARY ALC,
501,501,UKETSHA SECURITY SERVICES?ÿ,
661,661,Ukuphela Training cc,
539,539,UMTHA WELANGA ALC,
503,503,United Controls & Air Conditioning (Cape) T/A Techniskills Training (CAPE TOWN) (TP),
254,254,University of Cape Town,
348,348,University of Stellenbosch,
647,647,University of Western Cape,
560,560,VAN CUTSEM CLC,
139,139,VAN REENEN ENGINEERING ENTERPRISES cc (Rooiels),
624,624,VAN RHYNSDORP CORRECTIONAL SERVICES,
603,603,VAN RHYNSDORP VEELDOELIGE SENTRUM,
407,407,VAN WYKSDORP,
691,691,VAN ZYLSDAMME,
521,521,VELDDRIFT,
563,563,VERSAPAK (PTY) LTD (Daljosaphat),
156,156,VETUS SCHOLA PROTECTION SERVICES (PTY) LTD?ÿ,
186,186,VILLIERSDORP VOLWASSE ONDERRIG EN OPLEI,
570,570,Vineyard Academy,
510,510,VLAKTEPLAAS,
492,492,Volkswagen Group South Africa Training Academy (Cape Town) (TP),
231,231,VOORBERG MEDIUM B ALC,
284,284,VOORBRUG ALC,
711,711,VREDELUS HOUSE PLACE OF SAFETY CLC,
625,625,VUKANI ADULT LEARNING CENTRE,
500,500,VUYISILE ALC,
594,594,WAREHAM & ASSOCIATES (PTY) LTD,
307,307,Webb Accounting CC?ÿ,
165,165,WELLINGTON ALC,
714,165,WELLINGTON COMMUNITY LEARNING CENTRE,
81,692,WEST COAST COLLEGE - VREDENBURG CAMPUS (Vredenburg)(DTTC),
475,692,West Coast College (Vredendal Campus) (Vredendal) (TP),
542,692,West Coast College /FET,
692,692,West Coast FET College,
235,692,West Coast FET College (Atlantis) (DTTC),
51,692,West Coast FET College (VREDENBURG) (TP),
329,329,West Coast Hair Academy Pty Ltd,
654,692,WEST COAST TVET COLLEGE,
427,427,WESTBANK LIFE LONG LEARNING CENTRE,
126,126,Westco Agri Training,
70,70,Western Province Caterers (pty) Ltd,
164,164,WESTON HOER,
50,50,WESTWOOD-STRANDFONTEIN CLC,
8,8,WHITE LOCATION,
544,544,Wildlife and Environment Society of South Africa?ÿ,
86,86,WILLEMVALLEI CLC,
753,753,WILLY GRASER CC T/A STEENBERG MOTORS (Retreat),
796,796,WINDERMERE CLC,
698,698,WINDMEUL PRIM??R,
184,184,WINSLEY CLC,
445,445,WITZENBERG CLC,
448,448,WKRP ENGINEERING T/A TOOLCO (Stikland),
380,380,WOLSELEY (Satellte),
11,11,WOODLANDS COMMUNITY LEARNING CENTRE,
14,14,WOODSTOCK CLC,
278,278,WORCESTER CLC,
641,641,WORCESTER CORRECTIONAL SERVICES,
41,41,WORCESTER PROJECT MAINTENANCE (Worcester),
321,321,WYNLAND INGENIEURSWESE (Stellenbosch),
808,808,Y3K Training cc (CAPE TOWN) (TP),
434,434,YOGLOBE,
277,277,YORK INTERNATIONAL (AIRCONDITIONING) (Maitland),
324,324,Zambli220 PTY LTD T/A POWDERMET (Atlantis),
495,495,ZANOKHANYO ALC,
555,555,ZOAR/AMALIEN STEIN,
136,136,ZOLANI ALC,
378,378,ZWELIHLE ALC,
